N,m,k,mean_coverage_pct,cell_exact_pct,mean_delaunay_neighbors
200,40,6,71.61,14.45,5.54
200,40,8,83.53,37.35,5.54
200,40,10,90.13,57.8,5.54
200,40,12,93.74,70.95,5.54
200,40,14,96.11,80.95,5.54
200,40,16,97.33,86.3,5.54
200,40,18,98.17,90.3,5.54
200,40,20,98.73,93.25,5.54
600,120,6,66.18,8.4,6.06
600,120,8,78.6,24.95,6.06
600,120,10,86.64,44.9,6.06
600,120,12,91.67,62.75,6.06
600,120,14,94.5,73.85,6.06
600,120,16,96.13,81.45,6.06
600,120,18,97.09,85.6,6.06
600,120,20,97.73,89.05,6.06
1000,200,6,65.17,7.9,6.14
1000,200,8,77.74,24.75,6.14
1000,200,10,85.97,44.0,6.14
1000,200,12,91.12,60.65,6.14
1000,200,14,94.01,71.5,6.14
1000,200,16,95.88,80.0,6.14
1000,200,18,97.02,85.55,6.14
1000,200,20,97.8,89.1,6.14
