analysis,sigma,k,n,mean_dEa_pct,min_dEa_pct,max_dEa_pct,max_abs_dPe,p_wilcoxon,N,Ea_mean,Ea_sd,Pe_mean
dEa_local_vs_global,0.0,10.0,9.0,1.736,0.023,5.057,0.0,0.00390625,,,,
dEa_local_vs_global,0.0,12.0,9.0,0.857,-0.107,2.659,0.0,0.02734375,,,,
dEa_local_vs_global,4.0,10.0,9.0,1.06,0.015,2.806,0.0,0.00390625,,,,
dEa_local_vs_global,4.0,12.0,9.0,0.599,-0.189,1.659,0.0,0.0390625,,,,
dEa_local_vs_global,8.0,10.0,9.0,0.838,-0.183,2.471,0.0,0.01171875,,,,
dEa_local_vs_global,8.0,12.0,9.0,0.491,-0.208,1.812,0.0,0.0390625,,,,
baseline_Ea,0.0,,,,,,,,200.0,0.37651,0.03749,84.44
baseline_Ea,0.0,,,,,,,,600.0,0.17105,0.00382,99.63
baseline_Ea,0.0,,,,,,,,1000.0,0.12238,0.00406,100.0
baseline_Ea,4.0,,,,,,,,200.0,0.39978,0.05207,84.44
baseline_Ea,4.0,,,,,,,,600.0,0.22907,0.00293,99.63
baseline_Ea,4.0,,,,,,,,1000.0,0.18874,0.00414,100.0
baseline_Ea,8.0,,,,,,,,200.0,0.41851,0.04919,84.44
baseline_Ea,8.0,,,,,,,,600.0,0.29738,0.00188,99.63
baseline_Ea,8.0,,,,,,,,1000.0,0.25677,0.01636,100.0
li_setup,0.0,,5.0,,,,,,,0.2472,0.012,98.02
li_setup,4.0,,5.0,,,,,,,0.2861,0.0306,98.02
li_setup,8.0,,5.0,,,,,,,0.3221,0.0234,98.02
