Seed,SimulationSize_m,NumberOfNodes,PercentageAnchor,DetectionRadius_m,Clusters_K,GridSize_m,Algorithm,VoronoiMode,k_neighbors,AverageEstimationError,LocalizationError,Pe,MainLoop,DetectableCalc,GroupSplitting,VoronoiProc,VoronoiCalc,IntersectionCalc,ShapeCalc,DrawingOps,UIUpdates,TotalTime,UnknownNodes,LocalizedNodes,UnlocalizableNodes,RssiNoiseSigma,PathLossExp,WallClock_s,Timestamp
4275,200,200,40,20,6,2,Grid Scanning,Global,5,0.42409034,8.48180677,81.67%,11.9209532000,0.0093600999,0.0544161994,3.2848842987,0.6204080044,7.2455830993,1.3061365997,0.0000388012,0.0157875032,11.9219672000,120,98,22,4,3,11.9,2026-09-29T09:35:44
4275,200,200,40,20,6,2,Sweep Line,Local,10,0.42418395,8.48367891,81.67%,11.4361383000,0.0113357990,0.0637294033,1.7578740965,0.6058369996,8.0062699015,1.5848685990,0.0000405994,0.0074575993,11.4370523999,120,98,22,4,3,11.4,2026-09-29T09:35:56
4275,200,200,40,20,6,2,Sweep Line,Local,12,0.42445330,8.48906604,81.67%,12.9425726002,0.0144611977,0.0739277988,2.2247690042,0.7204434029,8.8587885001,1.7571672006,0.0000441996,0.0081795994,12.9454785001,120,98,22,4,3,12.9,2026-09-29T09:36:09
4275,200,600,40,20,6,2,Grid Scanning,Global,5,0.22923339,4.58466779,100.00%,60.7739335999,0.1082476012,0.6865629016,43.0727251996,4.6653405023,15.3814106975,1.4624775997,0.0001646979,0.0302630011,60.7786983999,360,360,0,4,3,60.8,2026-09-29T09:37:09
4275,200,600,40,20,6,2,Sweep Line,Local,10,0.23166833,4.63336659,100.00%,26.8044276000,0.1219396011,0.6464527003,7.9632037038,2.8062478004,16.4518023012,1.5716386025,0.0001264992,0.0295953008,26.8091818001,360,360,0,4,3,26.8,2026-09-29T09:37:36
4275,200,600,40,20,6,2,Sweep Line,Local,12,0.23169876,4.63397526,100.00%,25.5340380999,0.1104683990,0.6296571007,8.3770651980,2.7563251958,14.9123638985,1.4550828985,0.0001230030,0.0284470038,25.5477441999,360,360,0,4,3,25.5,2026-09-29T09:38:02
4275,200,1000,40,20,6,2,Grid Scanning,Global,5,0.18698601,3.73972013,100.00%,139.8524743000,0.3248240026,1.9959039963,118.3567051080,10.9434700971,16.8385695966,2.1956751018,0.0003208050,0.0616868022,139.8635571999,600,600,0,4,3,139.9,2026-09-29T09:40:22
4275,200,1000,40,20,6,2,Sweep Line,Local,10,0.18943902,3.78878046,100.00%,36.9935951000,0.3413878011,1.8411963030,13.6352813090,4.9626459011,18.9115037015,2.1652530967,0.0002773008,0.0540629006,37.0073323001,600,600,0,4,3,37.0,2026-09-29T09:40:59
4275,200,1000,40,20,6,2,Sweep Line,Local,12,0.18867346,3.77346928,100.00%,38.1931880000,0.3106931001,1.8882339085,15.2550801067,5.2351462038,18.3867244008,2.2460914010,0.0002177022,0.0585925989,38.2142373999,600,600,0,4,3,38.2,2026-09-29T09:41:37
2001,200,200,40,20,6,2,Grid Scanning,Global,5,0.43525514,8.70510278,83.33%,15.1700283000,0.0167180009,0.0722731014,4.1307906015,0.7788500988,9.5622384013,1.3729336003,0.0000470993,0.0088131996,15.1714234001,120,100,20,4,3,15.2,2026-09-29T09:41:52
2001,200,200,40,20,6,2,Sweep Line,Local,10,0.43532158,8.70643155,83.33%,10.8279476999,0.0145453992,0.0618983000,1.6919110010,0.5981366995,7.7562609001,1.2889214989,0.0000436008,0.0091596018,10.8303928999,120,100,20,4,3,10.8,2026-09-29T09:42:03
2001,200,200,40,20,6,2,Sweep Line,Local,12,0.43483135,8.69662707,83.33%,11.8712331001,0.0148094981,0.0671906010,1.9670597031,0.6344308986,8.3748650004,1.4315940007,0.0000488022,0.0100292994,11.8728857001,120,100,20,4,3,11.9,2026-09-29T09:42:15
2001,200,600,40,20,6,2,Grid Scanning,Global,5,0.22607101,4.52142027,99.17%,54.3649368000,0.1048885975,0.6012424997,38.7867338036,4.2383009999,13.3918529020,1.4291517015,0.0001539988,0.0225807007,54.3707829001,360,357,3,4,3,54.4,2026-09-29T09:43:09
2001,200,600,40,20,6,2,Sweep Line,Local,10,0.23032619,4.60652381,99.17%,24.6494338000,0.1073336992,0.6037389992,7.4003930055,2.6540272059,15.0297609011,1.4579061004,0.0001188016,0.0320318940,24.6547345000,360,357,3,4,3,24.7,2026-09-29T09:43:34
2001,200,600,40,20,6,2,Sweep Line,Local,12,0.22793495,4.55869890,99.17%,25.7914102999,0.1100979010,0.6403912969,8.3980678108,2.7257945982,15.0190789979,1.5629771021,0.0001227024,0.0421307024,25.8025950999,360,357,3,4,3,25.8,2026-09-29T09:44:00
2001,200,1000,40,20,6,2,Grid Scanning,Global,5,0.18575504,3.71510076,100.00%,124.3568363001,0.2830211015,1.6999969019,105.3668279075,9.5938674004,14.8810069931,2.0243585012,0.0002861028,0.0398474068,124.3714969000,600,600,0,4,3,124.4,2026-09-29T09:46:04
2001,200,1000,40,20,6,2,Sweep Line,Local,10,0.19096690,3.81933792,100.00%,35.1384536000,0.2858498031,1.6739432011,13.0939253021,4.7482940967,17.8722404011,2.1392451988,0.0002538997,0.0402660032,35.1459305000,600,600,0,4,3,35.1,2026-09-29T09:46:39
2001,200,1000,40,20,6,2,Sweep Line,Local,12,0.18883645,3.77672896,100.00%,34.1468537999,0.2411628978,1.5767974015,13.7947244926,4.6767978130,16.4012978000,2.0681626031,0.0001833993,0.0318955961,34.1627978000,600,600,0,4,3,34.2,2026-09-29T09:47:13
2002,200,200,40,20,6,2,Grid Scanning,Global,5,0.34000293,6.80005870,88.33%,15.0065188000,0.0137249001,0.0649915969,4.2659648007,0.7776905019,9.3675101006,1.2760532019,0.0000385996,0.0132820981,15.0081967001,120,106,14,4,3,15.0,2026-09-29T09:47:28
2002,200,200,40,20,6,2,Sweep Line,Local,10,0.34195552,6.83911041,88.33%,10.0205059999,0.0115187000,0.0527850993,1.6311466976,0.5651745007,7.1372645993,1.1770909999,0.0000393000,0.0064299002,10.0220588001,120,106,14,4,3,10.0,2026-09-29T09:47:38
2002,200,200,40,20,6,2,Sweep Line,Local,12,0.34072802,6.81456047,88.33%,10.4960715000,0.0129160003,0.0588004016,1.9417250983,0.6383470972,7.2649992011,1.1979883017,0.0000408976,0.0150774997,10.4983470000,120,106,14,4,3,10.5,2026-09-29T09:47:49
2002,200,600,40,20,6,2,Grid Scanning,Global,5,0.23191475,4.63829503,99.72%,51.4219487000,0.1006586011,0.5516269030,36.3242772978,4.0444362995,13.0370130956,1.3445481015,0.0001579009,0.0370255953,51.4254276000,360,359,1,4,3,51.4,2026-09-29T09:48:40
2002,200,600,40,20,6,2,Sweep Line,Local,10,0.23207610,4.64152209,99.72%,24.2348038999,0.1143274978,0.6184364031,7.5409450957,2.6639862983,14.3621926992,1.5567574038,0.0001229018,0.0233427973,24.2412010001,360,359,1,4,3,24.2,2026-09-29T09:49:05
2002,200,600,40,20,6,2,Sweep Line,Local,12,0.23147529,4.62950582,99.72%,24.6752640000,0.1105164031,0.6091042915,8.3011837036,2.7252055020,14.0781809001,1.5349282029,0.0001209995,0.0230497050,24.6874386000,360,359,1,4,3,24.7,2026-09-29T09:49:29
2002,200,1000,40,20,6,2,Grid Scanning,Global,5,0.19346476,3.86929516,100.00%,133.0641934001,0.2857746996,1.8023446968,112.5512784913,10.0822100977,16.1126051012,2.2109905966,0.0002864022,0.0365422016,133.0836250000,600,600,0,4,3,133.1,2026-09-29T09:51:42
2002,200,1000,40,20,6,2,Sweep Line,Local,10,0.19694029,3.93880587,100.00%,38.9583079999,0.3150298945,1.9003357987,14.1442045041,5.0278943025,20.1985442992,2.3287166045,0.0002773979,0.0337831995,38.9693826998,600,600,0,4,3,39.0,2026-09-29T09:52:21
2002,200,1000,40,20,6,2,Sweep Line,Local,12,0.19524838,3.90496750,100.00%,41.3089960001,0.2989318017,2.1028289988,16.3692682078,5.4163788022,20.0046036032,2.4572841015,0.0001970991,0.0348850999,41.3330023000,600,600,0,4,3,41.3,2026-09-29T09:53:03
4275,200,200,40,20,6,2,Grid Scanning,Global,5,0.43539905,8.70798099,81.67%,13.0520571000,0.0090616995,0.0556745999,3.5572903000,0.6169705999,8.0730315000,1.3449288988,0.0000364012,0.0081878966,13.0528951001,120,98,22,8,3,13.1,2026-09-29T09:53:17
4275,200,200,40,20,6,2,Sweep Line,Local,10,0.43549266,8.70985313,81.67%,11.2031991999,0.0101525970,0.0614590030,1.8405737947,0.6253918007,7.8189270003,1.4625216993,0.0000398008,0.0055186970,11.2046758002,120,98,22,8,3,11.2,2026-09-29T09:53:28
4275,200,200,40,20,6,2,Sweep Line,Local,12,0.43576201,8.71524026,81.67%,11.2541729999,0.0108160011,0.0606444993,1.9170459001,0.6040761981,7.6883568005,1.5678574005,0.0000378001,0.0054797002,11.2557770000,120,98,22,8,3,11.3,2026-09-29T09:53:40
4275,200,600,40,20,6,2,Grid Scanning,Global,5,0.29887927,5.97758543,100.00%,61.9594083000,0.0952202007,0.6728726965,44.1332502032,4.5112465944,15.5474867010,1.4658224001,0.0001491008,0.0208290974,61.9639321000,360,360,0,8,3,62.0,2026-09-29T09:54:42
4275,200,600,40,20,6,2,Sweep Line,Local,10,0.29991286,5.99825727,100.00%,25.7187627000,0.1037207977,0.6207113042,7.9278754056,2.7419408036,15.6339355989,1.3952161006,0.0001197001,0.0205702018,25.7240515999,360,360,0,8,3,25.7,2026-09-29T09:55:07
4275,200,600,40,20,6,2,Sweep Line,Local,12,0.30021952,6.00439036,100.00%,24.1817327999,0.0923708968,0.5722228016,8.2494045971,2.8422804961,13.8839451026,1.3454446006,0.0001110004,0.0226913018,24.1891778000,360,360,0,8,3,24.2,2026-09-29T09:55:31
4275,200,1000,40,20,6,2,Grid Scanning,Global,5,0.24317208,4.86344160,100.00%,146.9671004000,0.2903115011,2.0618495955,124.6552587983,10.4775698916,17.5468375981,2.3099541990,0.0002839996,0.0377709982,146.9806475998,600,600,0,8,3,147.0,2026-09-29T09:57:58
4275,200,1000,40,20,6,2,Sweep Line,Local,10,0.24738781,4.94775619,100.00%,36.6091606999,0.2670169021,1.7022334018,13.5797732943,4.8346157009,18.7733634003,2.2238234030,0.0002692994,0.0315151981,36.6208215000,600,600,0,8,3,36.6,2026-09-29T09:58:35
4275,200,1000,40,20,6,2,Sweep Line,Local,12,0.24604875,4.92097492,100.00%,37.0304020001,0.2524700994,1.7627595977,14.8840973983,4.9314413080,17.8266595015,2.2384003024,0.0001806975,0.0315289050,37.0460300001,600,600,0,8,3,37.0,2026-09-29T09:59:12
2001,200,200,40,20,6,2,Grid Scanning,Global,5,0.45702833,9.14056651,83.33%,16.3913862999,0.0153301000,0.0768150014,4.5357877002,0.7758803975,10.2454269002,1.5065812985,0.0000453005,0.0059283013,16.3936675000,120,100,20,8,3,16.4,2026-09-29T09:59:29
2001,200,200,40,20,6,2,Sweep Line,Local,10,0.45619155,9.12383095,83.33%,11.8409653001,0.0137699004,0.0686054013,1.8609492006,0.6299575013,8.4230469987,1.4642317006,0.0000440998,0.0055730985,11.8418735000,120,100,20,8,3,11.8,2026-09-29T09:59:40
2001,200,200,40,20,6,2,Sweep Line,Local,12,0.45660454,9.13209080,83.33%,12.5075534000,0.0139255999,0.0675178985,2.1162886021,0.6748479006,8.7932774979,1.5058288020,0.0000425992,0.0059772991,12.5096337001,120,100,20,8,3,12.5,2026-09-29T09:59:53
2001,200,600,40,20,6,2,Grid Scanning,Global,5,0.29799784,5.95995676,99.17%,67.0340396999,0.1144596005,0.7686311018,47.1694034950,4.6489735008,17.2946066968,1.6363088009,0.0001584031,0.0217531021,67.0407980001,360,357,3,8,3,67.0,2026-09-29T10:01:00
2001,200,600,40,20,6,2,Sweep Line,Local,10,0.30063027,6.01260532,99.17%,27.6762254001,0.1159829011,0.6767803018,8.1872384986,2.8360617049,17.0495403027,1.6084858978,0.0001250994,0.0204734025,27.6792301999,360,357,3,8,3,27.7,2026-09-29T10:01:28
2001,200,600,40,20,6,2,Sweep Line,Local,12,0.29974198,5.99483952,99.17%,26.1773572001,0.0974415969,0.6293281005,8.6608867941,2.8096774002,15.2461336013,1.5082712967,0.0001200004,0.0191318018,26.1863811000,360,357,3,8,3,26.2,2026-09-29T10:01:54
2001,200,1000,40,20,6,2,Grid Scanning,Global,5,0.25220485,5.04409700,100.00%,126.9148764000,0.2806688005,1.7251920975,108.0156523925,9.8465666019,14.7769422010,2.0195334975,0.0002808005,0.0358720010,126.9224485999,600,600,0,8,3,126.9,2026-09-29T10:04:01
2001,200,1000,40,20,6,2,Sweep Line,Local,10,0.25843741,5.16874819,100.00%,33.3437188999,0.2855468029,1.6203997012,12.6390030954,4.6319669043,16.7660239025,1.9634248030,0.0002623997,0.0360310001,33.3517898000,600,600,0,8,3,33.4,2026-09-29T10:04:34
2001,200,1000,40,20,6,2,Sweep Line,Local,12,0.25677433,5.13548653,100.00%,35.4729201000,0.2737412001,1.7745105997,14.5576578067,4.9692780988,16.7390640036,2.0493592999,0.0002020006,0.0380288018,35.4944024000,600,600,0,8,3,35.5,2026-09-29T10:05:10
2002,200,200,40,20,6,2,Grid Scanning,Global,5,0.36309398,7.26187964,88.33%,15.2547904002,0.0131818010,0.0669874004,4.3926581012,0.7790101990,9.4922191997,1.2770125009,0.0000436998,0.0075366010,15.2564325000,120,106,14,8,3,15.3,2026-09-29T10:05:25
2002,200,200,40,20,6,2,Sweep Line,Local,10,0.36504657,7.30093135,88.33%,12.4258082998,0.0140601997,0.0678393005,2.0270806965,0.6930942994,8.8728027006,1.4328859018,0.0000440010,0.0058338018,12.4281587000,120,106,14,8,3,12.4,2026-09-29T10:05:37
2002,200,200,40,20,6,2,Sweep Line,Local,12,0.36381907,7.27638142,88.33%,12.4237709001,0.0134858987,0.0689328006,2.2826104991,0.7083533031,8.6363861011,1.4115223002,0.0000428001,0.0061490987,12.4252810001,120,106,14,8,3,12.4,2026-09-29T10:05:50
2002,200,600,40,20,6,2,Grid Scanning,Global,5,0.29526692,5.90533848,99.72%,56.0954211999,0.1073608012,0.6071707970,39.9836463027,4.3642162080,13.9123015990,1.4348905012,0.0001550030,0.0221634051,56.1037676998,360,359,1,8,3,56.1,2026-09-29T10:06:46
2002,200,600,40,20,6,2,Sweep Line,Local,10,0.29813626,5.96272523,99.72%,22.8884528002,0.1081472018,0.5460905982,7.2754444994,2.6148785069,13.5115945004,1.4096317010,0.0001234997,0.0210666952,22.8928574000,360,359,1,8,3,22.9,2026-09-29T10:07:09
2002,200,600,40,20,6,2,Sweep Line,Local,12,0.29465307,5.89306139,99.72%,22.8891288000,0.1060330959,0.5783392994,7.8367146940,2.6186407036,12.9934403016,1.3333233991,0.0001232987,0.0223058979,22.8986290998,360,359,1,8,3,22.9,2026-09-29T10:07:32
2002,200,1000,40,20,6,2,Grid Scanning,Global,5,0.27493008,5.49860169,100.00%,119.9921136000,0.2671762004,1.6281321982,102.2860068018,9.4999797044,13.8308311980,1.8774487996,0.0002733960,0.0419409990,120.0085668000,600,600,0,8,3,120.0,2026-09-29T10:09:32
2002,200,1000,40,20,6,2,Sweep Line,Local,10,0.27701941,5.54038828,100.00%,29.4276437000,0.2698667019,1.3573606987,11.2211475912,4.1355609063,14.6788101967,1.8259749985,0.0002433970,0.0441835972,29.4410246999,600,600,0,8,3,29.4,2026-09-29T10:10:01
2002,200,1000,40,20,6,2,Sweep Line,Local,12,0.27606403,5.52128067,100.00%,32.6136621002,0.2498986989,1.5487427982,13.4538153014,4.5394268872,15.2983642975,1.9925845016,0.0001841006,0.0368836008,32.6265386001,600,600,0,8,3,32.6,2026-09-29T10:10:34
