Seed,SimulationSize_m,NumberOfNodes,PercentageAnchor,DetectionRadius_m,Clusters_K,GridSize_m,Algorithm,VoronoiMode,k_neighbors,AverageEstimationError,LocalizationError,Pe,MainLoop,DetectableCalc,GroupSplitting,VoronoiProc,VoronoiCalc,IntersectionCalc,ShapeCalc,DrawingOps,UIUpdates,TotalTime,UnknownNodes,LocalizedNodes,UnlocalizableNodes,WallClock_s,Timestamp
4275,200,200,40,20,6,2,Grid Scanning,Global,5,0.40059966,8.01199319,81.67%,7.0583909000,0.0055793003,0.0277536998,2.0386843999,0.4344734988,4.2016095002,0.7727253994,0.0000251000,0.0093061002,7.0592542000,120,98,22,7.1,2026-08-22T14:58:22
4275,200,200,40,20,6,2,Sweep Line,Local,10,0.40069327,8.01386533,81.67%,7.6991105999,0.0088127009,0.0400144018,1.1919459994,0.4661564981,4.6172918999,0.9178858004,0.0000278999,0.9196529995,7.7009544000,120,98,22,7.7,2026-08-22T14:58:30
4275,200,200,40,20,6,2,Sweep Line,Local,12,0.40096262,8.01925246,81.67%,6.2840747000,0.0073652993,0.0349732012,1.2006658996,0.4388634006,4.1629665003,0.8695582999,0.0000275000,0.0054947003,6.2860685999,120,98,22,6.3,2026-08-22T14:58:36
4275,200,600,40,20,6,2,Grid Scanning,Global,5,0.16664026,3.33280517,100.00%,36.5501459000,0.0670299988,0.3688477987,26.3533734975,3.2077048979,8.7026888005,1.0178770000,0.0001089994,0.0201751010,36.5525202000,360,360,0,36.6,2026-08-22T14:59:13
4275,200,600,40,20,6,2,Sweep Line,Local,10,0.16998093,3.39961853,100.00%,14.6896494001,0.0727276996,0.3138869009,4.5589398014,1.8087625008,8.6834472003,1.0304292991,0.0000782002,0.0193282021,14.6933807000,360,360,0,14.7,2026-08-22T14:59:28
4275,200,600,40,20,6,2,Sweep Line,Local,12,0.16984273,3.39685464,100.00%,14.8432734000,0.0635270001,0.3220323996,5.0658480986,1.8514480009,8.3267618999,1.0360648009,0.0000812002,0.0182531988,14.8489587001,360,360,0,14.8,2026-08-22T14:59:43
4275,200,1000,40,20,6,2,Grid Scanning,Global,5,0.11771449,2.35428981,100.00%,78.0775326000,0.1830330013,1.0113514981,66.3633738017,6.6869089965,9.0338808004,1.4087586993,0.0002100002,0.0310302989,78.0871648000,600,600,0,78.1,2026-08-22T15:01:01
4275,200,1000,40,20,6,2,Sweep Line,Local,10,0.12101937,2.42038746,100.00%,22.4429354999,0.2072346022,0.9612447981,8.3226547028,3.3057164048,11.4034221990,1.4944646998,0.0002023003,0.0298480965,22.4532565000,600,600,0,22.5,2026-08-22T15:01:23
4275,200,1000,40,20,6,2,Sweep Line,Local,12,0.11937584,2.38751676,100.00%,21.0155791000,0.1631838010,0.8590571998,8.5453953004,3.2170580970,9.9692945023,1.4277862011,0.0001186001,0.0282928983,21.0288833999,600,600,0,21.0,2026-08-22T15:01:44
2001,200,200,40,20,6,2,Grid Scanning,Global,5,0.39562284,7.91245681,83.33%,9.1153644000,0.0104509995,0.0409423009,2.6548166008,0.5459485003,5.5078388990,0.8917348003,0.0000324997,0.0054656998,9.1162703000,120,100,20,9.1,2026-08-22T15:01:53
2001,200,200,40,20,6,2,Sweep Line,Local,10,0.39720062,7.94401245,83.33%,6.6089763000,0.0091978001,0.0342989006,1.1279648002,0.4517857014,4.4949889003,0.8228387004,0.0000261000,0.1162782001,6.6109896000,120,100,20,6.6,2026-08-22T15:02:00
2001,200,200,40,20,6,2,Sweep Line,Local,12,0.39519905,7.90398109,83.33%,7.3616632001,0.0109082003,0.0418908002,1.3540481994,0.5018031975,5.0079138000,0.9354582002,0.0000346999,0.0071721006,7.3626990000,120,100,20,7.4,2026-08-22T15:02:07
2001,200,600,40,20,6,2,Grid Scanning,Global,5,0.17331957,3.46639138,99.17%,39.8514310000,0.0881480003,0.4177874988,28.0349513973,3.3917396994,9.0401612000,1.1573083008,0.0001272002,1.0884524997,39.8544966000,360,357,3,39.9,2026-08-22T15:02:47
2001,200,600,40,20,6,2,Sweep Line,Local,10,0.17721411,3.54428215,99.17%,14.0947444000,0.0671082997,0.2851654022,4.3859330984,1.7565654995,8.3314673984,0.9982734016,0.0000758996,0.0167431994,14.1003511000,360,357,3,14.1,2026-08-22T15:03:01
2001,200,600,40,20,6,2,Sweep Line,Local,12,0.17479293,3.49585868,99.17%,13.8600996000,0.0635988011,0.2909460998,4.7417748014,1.7865500010,7.7469652019,0.9863490002,0.0000710001,0.0201951975,13.8673263000,360,357,3,13.9,2026-08-22T15:03:15
2001,200,1000,40,20,6,2,Grid Scanning,Global,5,0.12431511,2.48630226,100.00%,70.2987772999,0.1547376008,0.8510633003,59.8951264989,5.9388971950,7.9810828989,1.3526717996,0.0001767005,0.0280339986,70.3045015000,600,600,0,70.3,2026-08-22T15:04:25
2001,200,1000,40,20,6,2,Sweep Line,Local,10,0.12657328,2.53146560,100.00%,18.8452774000,0.1538378006,0.7372547007,7.2177378000,2.9047135041,9.3676021989,1.3274662992,0.0001543999,0.0246730987,18.8493418000,600,600,0,18.9,2026-08-22T15:04:44
2001,200,1000,40,20,6,2,Sweep Line,Local,12,0.12515876,2.50317528,100.00%,19.4269002001,0.1465350018,0.7869053006,8.0224025991,3.0063042028,9.0725200024,1.3540980979,0.0001074004,0.0255433006,19.4414042999,600,600,0,19.4,2026-08-22T15:05:04
2002,200,200,40,20,6,2,Grid Scanning,Global,5,0.33331701,6.66634012,88.33%,8.4196308000,0.0094643000,0.0342358007,2.5810466004,0.5135799978,5.0128470005,0.7730291991,0.0000274002,0.0058619011,8.4211837000,120,106,14,8.4,2026-08-22T15:05:12
2002,200,200,40,20,6,2,Sweep Line,Local,10,0.33526959,6.70539182,88.33%,6.4282243000,0.0094264004,0.0340075012,1.1617275001,0.4558520995,4.4080782996,0.8066815000,0.0000252000,0.0049487002,6.4290704000,120,106,14,6.4,2026-08-22T15:05:18
2002,200,200,40,20,6,2,Sweep Line,Local,12,0.33404209,6.68084189,88.33%,6.3855754000,0.0085042005,0.0334612005,1.2496570008,0.4550037986,4.3053434000,0.7804520997,0.0000247000,0.0052119015,6.3874738000,120,106,14,6.4,2026-08-22T15:05:25
2002,200,600,40,20,6,2,Grid Scanning,Global,5,0.17319177,3.46383539,99.72%,29.3180245000,0.0572083988,0.2798196997,20.9456834013,2.4848407987,7.0205381991,0.9848735017,0.0000915003,0.0157808987,29.3209549000,360,359,1,29.3,2026-08-22T15:05:54
2002,200,600,40,20,6,2,Sweep Line,Local,10,0.17437286,3.48745726,99.72%,13.3496937000,0.0628173995,0.2746349002,4.3371902980,1.7269913959,7.6231959013,1.0267771001,0.0000650999,0.0156356990,13.3521556000,360,359,1,13.4,2026-08-22T15:06:08
2002,200,600,40,20,6,2,Sweep Line,Local,12,0.17317738,3.46354753,99.72%,12.9206003000,0.0556987999,0.2666490015,4.4838890992,1.6376773984,7.1126740000,0.9769824989,0.0000666998,0.0152865014,12.9269196000,360,359,1,12.9,2026-08-22T15:06:20
2002,200,1000,40,20,6,2,Grid Scanning,Global,5,0.12511196,2.50223924,100.00%,66.0933109999,0.1429023992,0.7916172991,55.8297416023,5.5895430027,7.5564225020,1.2876306010,0.0001687000,0.4511461968,66.0987004000,600,600,0,66.1,2026-08-22T15:07:27
2002,200,1000,40,20,6,2,Sweep Line,Local,10,0.13143935,2.62878693,100.00%,18.2810511000,0.1512442010,0.6990604940,6.7899708019,2.7106950958,9.2625829997,1.3389032007,0.0001547000,0.0236197008,18.2851745001,600,600,0,18.3,2026-08-22T15:07:45
2002,200,1000,40,20,6,2,Sweep Line,Local,12,0.12843833,2.56876660,100.00%,19.6446275000,0.1437494985,0.7825355984,8.1419256020,3.0524398054,9.1729104007,1.3594272995,0.0001031003,0.0250226997,19.6565962000,600,600,0,19.7,2026-08-22T15:08:05
2003,200,200,40,20,6,2,Grid Scanning,Global,5,0.34228848,6.84576960,93.33%,8.9414905000,0.0098037998,0.0347956984,2.6919610002,0.5683411004,5.3498951995,0.8458083002,0.0000302999,0.0057370005,8.9425649000,120,112,8,8.9,2026-08-22T15:08:13
2003,200,200,40,20,6,2,Sweep Line,Local,10,0.34382439,6.87648786,93.33%,6.3151435000,0.0082269002,0.0320683990,1.1107318997,0.4336606993,4.3855785999,0.7700621991,0.0000259002,0.0055310990,6.3160234999,120,112,8,6.3,2026-08-22T15:08:20
2003,200,200,40,20,6,2,Sweep Line,Local,12,0.34228848,6.84576960,93.33%,6.8120670000,0.0096445997,0.0349763003,1.3132764001,0.4831100984,4.6061775004,0.8395155992,0.0000265001,0.0053804014,6.8129221000,120,112,8,6.8,2026-08-22T15:08:27
2003,200,600,40,20,6,2,Grid Scanning,Global,5,0.17857154,3.57143074,100.00%,32.3279247000,0.0667986997,0.3140992000,23.1170949993,2.8249724008,7.7245348999,1.0708075007,0.0001011996,0.0172657999,32.3321957000,360,360,0,32.3,2026-08-22T15:08:59
2003,200,600,40,20,6,2,Sweep Line,Local,10,0.18179588,3.63591755,100.00%,13.8898559000,0.0683249992,0.2766448989,4.3901519015,1.7536006009,8.0836693993,1.0424291003,0.0000689001,0.0187563989,13.8926968999,360,360,0,13.9,2026-08-22T15:09:13
2003,200,600,40,20,6,2,Sweep Line,Local,12,0.17889949,3.57798971,100.00%,13.9385369000,0.0605687005,0.2807985990,4.7469880033,1.7451467004,7.7807098005,1.0436758011,0.0000667992,0.0158795991,13.9454313000,360,360,0,13.9,2026-08-22T15:09:27
2003,200,1000,40,20,6,2,Grid Scanning,Global,5,0.12074003,2.41480065,100.00%,66.9976924999,0.1488097992,0.8021827028,56.9503336024,5.6832322935,7.7423991988,1.2909473006,0.0001690006,0.0285039002,67.0045101000,600,600,0,67.0,2026-08-22T15:10:34
2003,200,1000,40,20,6,2,Sweep Line,Local,10,0.12722035,2.54440701,100.00%,19.0425031000,0.1610451998,0.7367051010,7.1476402021,2.9108286035,9.6421937980,1.3142866007,0.0001597997,0.0241319996,19.0466015999,600,600,0,19.0,2026-08-22T15:10:53
2003,200,1000,40,20,6,2,Sweep Line,Local,12,0.12381103,2.47622058,100.00%,18.9713544000,0.1452765996,0.7438375023,7.7315100020,2.9005779965,8.9843115985,1.3240941018,0.0000996002,0.0245867003,18.9827269000,600,600,0,19.0,2026-08-22T15:11:12
2004,200,200,40,20,6,2,Grid Scanning,Global,5,0.31938900,6.38777994,96.67%,9.6686481000,0.0106164997,0.0390302003,2.7989289003,0.5703774012,5.9372499011,0.8733413995,0.0000314001,0.0058260987,9.6697426999,120,116,4,9.7,2026-08-22T15:11:21
2004,200,200,40,20,6,2,Sweep Line,Local,10,0.31938900,6.38777994,96.67%,7.2843216000,0.0106615004,0.0395249999,1.2667394006,0.5001980029,5.0751780998,0.8829028005,0.0000277999,0.0058115007,7.2861766000,120,116,4,7.3,2026-08-22T15:11:29
2004,200,200,40,20,6,2,Sweep Line,Local,12,0.31938900,6.38777994,96.67%,7.1883283000,0.0098911006,0.0388575005,1.3764488000,0.4916387004,4.9163965998,0.8380888007,0.0000256998,0.0054431001,7.1892487000,120,116,4,7.2,2026-08-22T15:11:36
2004,200,600,40,20,6,2,Grid Scanning,Global,5,0.16308105,3.26162101,100.00%,32.3601573999,0.0621772003,0.3191067006,22.8674590978,2.7339094979,7.6277804001,0.9843809002,0.0001041002,0.4828459002,32.3644437999,360,360,0,32.4,2026-08-22T15:12:08
2004,200,600,40,20,6,2,Sweep Line,Local,10,0.16925929,3.38518575,100.00%,13.8629677000,0.0681797988,0.2825320009,4.3424796027,1.7077653985,7.9059668010,0.9654026992,0.0000640998,0.2887898003,13.8660131000,360,360,0,13.9,2026-08-22T15:12:22
2004,200,600,40,20,6,2,Sweep Line,Local,12,0.16696954,3.33939083,100.00%,14.1756616001,0.0614421000,0.2993667019,4.8305054982,1.7598347028,7.9530035009,1.0056613990,0.0000714004,0.0159662992,14.1818693000,360,360,0,14.2,2026-08-22T15:12:36
2004,200,1000,40,20,6,2,Grid Scanning,Global,5,0.12402880,2.48057593,100.00%,72.9413703999,0.1595132988,0.9178505039,62.1438873041,6.2919316022,8.3011469000,1.3489199998,0.0001879998,0.0303239006,72.9504085999,600,600,0,73.0,2026-08-22T15:13:49
2004,200,1000,40,20,6,2,Sweep Line,Local,10,0.12679799,2.53595973,100.00%,20.9101302000,0.1730622007,0.8106898010,7.5990772987,3.0435338035,10.9043556025,1.3794034977,0.0001730999,0.0250840033,20.9162816000,600,600,0,20.9,2026-08-22T15:14:10
2004,200,1000,40,20,6,2,Sweep Line,Local,12,0.12662063,2.53241256,100.00%,19.9844467000,0.1499344014,0.7742603045,8.1763200987,3.0522880988,9.4645562996,1.3722362993,0.0001116003,0.0267781005,19.9965491999,600,600,0,20.0,2026-08-22T15:14:30
2005,200,200,40,20,6,2,Grid Scanning,Global,5,0.35496765,7.09935293,85.83%,8.1027053000,0.0091561998,0.0327684010,2.4623474014,0.4876825012,4.8203843001,0.7700618003,0.0000271996,0.0046881994,8.1035396000,120,103,17,8.1,2026-08-22T15:14:38
2005,200,200,40,20,6,2,Sweep Line,Local,10,0.35627281,7.12545623,85.83%,6.0503974999,0.0081764000,0.0318033011,1.1409526975,0.4528158982,4.1276394009,0.7343628992,0.0000255000,0.0045552996,6.0512929000,120,103,17,6.1,2026-08-22T15:14:44
2005,200,200,40,20,6,2,Sweep Line,Local,12,0.35496765,7.09935293,85.83%,5.5466056000,0.0077146994,0.0280906999,1.0587386991,0.3831272020,3.7615569005,0.6833703999,0.0000336001,0.0045664002,5.5474337999,120,103,17,5.5,2026-08-22T15:14:50
2005,200,600,40,20,6,2,Grid Scanning,Global,5,0.18103610,3.62072197,99.17%,30.4081079001,0.0614446987,0.2901302000,21.6928970002,2.6301049967,7.3237153022,1.0064873010,0.0000965002,0.0168628998,30.4110525000,360,357,3,30.4,2026-08-22T15:15:20
2005,200,600,40,20,6,2,Sweep Line,Local,10,0.18266512,3.65330247,99.17%,13.4119716000,0.0633574990,0.2638600004,4.2074332041,1.6695912966,7.8227102997,1.0292472998,0.0000676003,0.0164236013,13.4150406001,360,357,3,13.4,2026-08-22T15:15:34
2005,200,600,40,20,6,2,Sweep Line,Local,12,0.18244181,3.64883613,99.17%,13.5828391000,0.0597642998,0.2745295983,4.5840878002,1.6889650015,7.6215663009,1.0180940990,0.0000659995,0.0155892001,13.5898013000,360,357,3,13.6,2026-08-22T15:15:47
2005,200,1000,40,20,6,2,Grid Scanning,Global,5,0.13056394,2.61127882,100.00%,70.5642566000,0.1601502013,0.8557307994,59.9745480025,6.0214902008,8.1200973988,1.3885302013,0.0001722006,0.0284586995,70.5698602000,600,600,0,70.6,2026-08-22T15:16:58
2005,200,1000,40,20,6,2,Sweep Line,Local,10,0.13341889,2.66837785,100.00%,18.0869526000,0.1637425997,0.7032926037,6.8695761970,2.7715347095,9.0073330988,1.3022213022,0.0001715994,0.0241788990,18.0937099000,600,600,0,18.1,2026-08-22T15:17:16
2005,200,1000,40,20,6,2,Sweep Line,Local,12,0.13170289,2.63405784,100.00%,19.1257219999,0.1474946000,0.7596796005,7.8656408997,2.9352219020,8.9539464006,1.3553233998,0.0001042000,0.0246063024,19.1370606000,600,600,0,19.1,2026-08-22T15:17:35
2006,200,200,40,20,6,2,Grid Scanning,Global,5,0.32251339,6.45026789,88.33%,8.9952189999,0.0098447993,0.0380854000,2.7109928003,0.5774405971,5.4803573004,0.7468584002,0.0000318001,0.0053227001,8.9960526000,120,106,14,9.0,2026-08-22T15:17:44
2006,200,200,40,20,6,2,Sweep Line,Local,10,0.32429484,6.48589677,88.33%,6.2064952999,0.0099216989,0.0335337997,1.1117813995,0.4332251006,4.3023854999,0.7408683003,0.0000276000,0.0050139003,6.2073896000,120,106,14,6.2,2026-08-22T15:17:50
2006,200,200,40,20,6,2,Sweep Line,Local,12,0.32378829,6.47576585,88.33%,6.3031036000,0.0090321001,0.0333460008,1.2487990999,0.4626234990,4.2838019005,0.7199112002,0.0000244001,0.0052227004,6.3039764001,120,106,14,6.3,2026-08-22T15:17:57
2006,200,600,40,20,6,2,Grid Scanning,Global,5,0.16100604,3.22012079,100.00%,29.7506389001,0.0589990017,0.2891154987,21.2453612994,2.5596625957,7.1874513009,0.9376699991,0.0000910001,0.0169950000,29.7540496000,360,360,0,29.8,2026-08-22T15:18:26
2006,200,600,40,20,6,2,Sweep Line,Local,10,0.16237925,3.24758502,100.00%,12.8157589000,0.0659000007,0.2680974005,4.1339692021,1.6495343013,7.3656825998,0.9569293007,0.0000654000,0.0159300000,12.8182302000,360,360,0,12.8,2026-08-22T15:18:39
2006,200,600,40,20,6,2,Sweep Line,Local,12,0.16174775,3.23495493,100.00%,12.8927495000,0.0595519999,0.2580820010,4.4224174968,1.6325013993,7.1500683998,0.9783531999,0.0000650996,0.0150300007,12.8996966000,360,360,0,12.9,2026-08-22T15:18:52
2006,200,1000,40,20,6,2,Grid Scanning,Global,5,0.12375152,2.47503044,100.00%,68.1747015000,0.1512592006,0.8152991013,57.8686038981,5.8286438977,7.9310828007,1.3444846013,0.0001891995,0.0282555000,68.1815476000,600,600,0,68.2,2026-08-22T15:20:00
2006,200,1000,40,20,6,2,Sweep Line,Local,10,0.12550541,2.51010826,100.00%,18.6287135000,0.1603526003,0.7319396029,7.2029556979,2.8909044995,9.1713343001,1.3210284999,0.0001528005,0.0247515009,18.6340555000,600,600,0,18.6,2026-08-22T15:20:19
2006,200,1000,40,20,6,2,Sweep Line,Local,12,0.12419855,2.48397108,100.00%,20.3419241001,0.1564070010,0.8374464973,8.3189482021,3.1067530963,9.5677633988,1.4143676003,0.0001152001,0.0260052985,20.3552400001,600,600,0,20.4,2026-08-22T15:20:39
2007,200,200,40,20,6,2,Grid Scanning,Global,5,0.32025677,6.40513542,88.33%,7.9036590001,0.0101439997,0.0352573000,2.4395627981,0.5003933994,4.5997777017,0.8103183997,0.0000281000,0.0052474992,7.9050410000,120,106,14,7.9,2026-08-22T15:20:47
2007,200,200,40,20,6,2,Sweep Line,Local,10,0.32520993,6.50419860,88.33%,6.4005258000,0.0094694992,0.0361149006,1.1633113999,0.4588937021,4.3433722006,0.8399742994,0.0000269999,0.0049984005,6.4013539000,120,106,14,6.4,2026-08-22T15:20:54
2007,200,200,40,20,6,2,Sweep Line,Local,12,0.32205647,6.44112939,88.33%,6.2777070999,0.0090074012,0.0344359997,1.2369303998,0.4535129993,4.1530424998,0.8362842008,0.0000446000,0.0048806003,6.2792229999,120,106,14,6.3,2026-08-22T15:21:00
2007,200,600,40,20,6,2,Grid Scanning,Global,5,0.16567763,3.31355255,100.00%,31.6374506000,0.0641436996,0.3163827969,22.7159144996,2.9338278997,7.4944909012,1.0110670985,0.0002182000,0.0170807989,31.6436713000,360,360,0,31.6,2026-08-22T15:21:32
2007,200,600,40,20,6,2,Sweep Line,Local,10,0.16729695,3.34593898,100.00%,13.8578284000,0.0693930007,0.2884344026,4.6955409989,2.0561497021,7.7720284002,1.0063606018,0.0000697003,0.0158486977,13.8603548000,360,360,0,13.9,2026-08-22T15:21:45
2007,200,600,40,20,6,2,Sweep Line,Local,12,0.16672130,3.33442606,100.00%,14.3589253000,0.0647255012,0.2998950982,4.7802065008,1.7600290020,7.5266119001,1.0149966001,0.0000670002,0.6623871988,14.3645700000,360,360,0,14.4,2026-08-22T15:22:00
2007,200,1000,40,20,6,2,Grid Scanning,Global,5,0.12751190,2.55023793,100.00%,68.2812124001,0.1476861001,0.8222044006,58.0930687033,5.8635912973,7.8297425993,1.3256180008,0.0001659998,0.0277428005,68.2867028000,600,600,0,68.3,2026-08-22T15:23:08
2007,200,1000,40,20,6,2,Sweep Line,Local,10,0.13230855,2.64617095,100.00%,17.9899477001,0.1575050986,0.6869379994,6.7671595014,2.7099645942,9.0227470004,1.3155059990,0.0001526001,0.0243983029,17.9940688000,600,600,0,18.0,2026-08-22T15:23:26
2007,200,1000,40,20,6,2,Sweep Line,Local,12,0.13002739,2.60054772,100.00%,18.0436765000,0.1365482013,0.7062132976,7.4156301989,2.7717712051,8.4255281988,1.3193127995,0.0000997001,0.0235112007,18.0549511000,600,600,0,18.1,2026-08-22T15:23:44
2008,200,200,40,20,6,2,Grid Scanning,Global,5,0.36525852,7.30517045,85.83%,7.5384302001,0.0089963006,0.0320136999,2.4091431997,0.4927110998,4.4027216997,0.6777822996,0.0000278001,0.0046635991,7.5396433000,120,103,17,7.5,2026-08-22T15:23:52
2008,200,200,40,20,6,2,Sweep Line,Local,10,0.36525186,7.30503725,85.83%,5.5711174000,0.0083535997,0.0298338000,1.0480364999,0.4194881994,3.8101292001,0.6674384008,0.0000252001,0.0046417988,5.5719669000,120,103,17,5.6,2026-08-22T15:23:57
2008,200,200,40,20,6,2,Sweep Line,Local,12,0.36524678,7.30493561,85.83%,5.5891776000,0.0085867001,0.0306765002,1.1413654012,0.4192000999,3.7298172005,0.6709766000,0.0000252000,0.0049389000,5.5906353000,120,103,17,5.6,2026-08-22T15:24:03
2008,200,600,40,20,6,2,Grid Scanning,Global,5,0.18441814,3.68836287,100.00%,29.9717579000,0.0608954014,0.2888209007,21.3973016995,2.5647867024,7.1855194992,1.0062534005,0.0000930000,0.0179707014,29.9747466000,360,360,0,30.0,2026-08-22T15:24:33
2008,200,600,40,20,6,2,Sweep Line,Local,10,0.18997625,3.79952491,100.00%,13.7483129000,0.0668323993,0.2709547987,4.2193391996,1.6809797982,8.1069417997,1.0584365005,0.0000706004,0.0164297995,13.7510805000,360,360,0,13.8,2026-08-22T15:24:47
2008,200,600,40,20,6,2,Sweep Line,Local,12,0.18710822,3.74216433,100.00%,13.6917657000,0.0634208998,0.2773336008,4.6534404010,1.7223024986,7.6309090004,1.0404461988,0.0000676002,0.0164085018,13.6989851999,360,360,0,13.7,2026-08-22T15:25:00
2008,200,1000,40,20,6,2,Grid Scanning,Global,5,0.11870522,2.37410447,100.00%,68.3137309001,0.1563287003,0.8286723989,58.0993564018,5.8947654963,7.8569797018,1.3090280979,0.0002623003,0.0271446995,68.3201272000,600,600,0,68.3,2026-08-22T15:26:09
2008,200,1000,40,20,6,2,Sweep Line,Local,10,0.12263662,2.45273238,100.00%,18.0580220000,0.1482548993,0.6889612024,6.7202353999,2.7200639024,9.1931368998,1.2677915982,0.0001437000,0.0235989027,18.0651392000,600,600,0,18.1,2026-08-22T15:26:27
2008,200,1000,40,20,6,2,Sweep Line,Local,12,0.12071022,2.41420441,100.00%,17.7407571999,0.1355358012,0.6975604999,7.2475893022,2.7143279006,8.3570414014,1.2632034977,0.0000998002,0.0235660047,17.7518697000,600,600,0,17.8,2026-08-22T15:26:44
2009,200,200,40,20,6,2,Grid Scanning,Global,5,0.32719288,6.54385764,95.00%,8.0575025000,0.0094843998,0.0340058993,2.4395250996,0.5025904002,4.8504875004,0.7158632994,0.0000271999,0.0050298005,8.0583750000,120,114,6,8.1,2026-08-22T15:26:52
2009,200,200,40,20,6,2,Sweep Line,Local,10,0.32777985,6.55559695,95.00%,6.6619039000,0.0099911999,0.0377597001,1.2542151010,0.5066961980,4.6041498991,0.7444759995,0.0000290999,0.0078378005,6.6632228000,120,114,6,6.7,2026-08-22T15:26:59
2009,200,200,40,20,6,2,Sweep Line,Local,12,0.32733460,6.54669203,95.00%,6.3301690000,0.0083442008,0.0345396001,1.2311415002,0.4509642028,4.3146497002,0.7333232004,0.0000298000,0.0051559006,6.3310869000,120,114,6,6.3,2026-08-22T15:27:05
2009,200,600,40,20,6,2,Grid Scanning,Global,5,0.16957825,3.39156498,100.00%,29.9945697001,0.0627035005,0.2934625001,21.4867516008,2.5983248956,7.1614515011,0.9578382010,0.0000988998,0.0167088984,29.9975167001,360,360,0,30.0,2026-08-22T15:27:35
2009,200,600,40,20,6,2,Sweep Line,Local,10,0.17059970,3.41199399,100.00%,14.1916147000,0.0688023994,0.2877311991,4.5035165029,1.7612912012,8.3260257001,0.9800083990,0.0000723002,0.0158613017,14.1953035000,360,360,0,14.2,2026-08-22T15:27:50
2009,200,600,40,20,6,2,Sweep Line,Local,12,0.17001232,3.40024636,100.00%,13.4880431000,0.0580552012,0.2743660983,4.6560007990,1.6841682029,7.5150614982,0.9604709005,0.0000844004,0.0147681972,13.4955016001,360,360,0,13.5,2026-08-22T15:28:03
2009,200,1000,40,20,6,2,Sweep Line,Local,10,0.12982485,2.59649702,100.00%,24.6380915999,0.2396613004,1.1897837986,9.1964044954,3.6394703034,12.3335837002,1.6149440012,0.0002021001,0.0319290998,24.6450978999,600,600,0,24.6,2026-08-23T09:16:29
2009,200,1000,40,20,6,2,Sweep Line,Local,12,0.12747660,2.54953195,100.00%,18.3775540000,0.1611761997,0.7301006987,7.5764346010,2.8878825000,8.5434287013,1.3107861996,0.0001140002,0.0368195989,18.3887820001,600,600,0,18.4,2026-08-23T09:16:48
2009,200,1000,40,20,6,2,Grid Scanning,Global,5,0.12687698,2.53753963,100.00%,85.2117549001,0.1777452017,1.0722418005,72.5859295015,7.2404462993,9.6912766987,1.5920368998,0.0002179006,0.0452953996,85.2157180000,600,600,0,85.2,2026-08-23T09:20:12
