PercentageAnchor,NumberOfNodes,Algorithm,VoronoiMode,k_neighbors,AverageEstimationError_mean,AverageEstimationError_std,AverageEstimationError_count,Pe_num_mean,Pe_num_std,Pe_num_count,VoronoiProc_mean,VoronoiProc_std,VoronoiProc_count,IntersectionCalc_mean,IntersectionCalc_std,IntersectionCalc_count,TotalTime_mean,TotalTime_std,TotalTime_count
40,200,Grid Scanning,Global,5,0.348141,0.030368,10,88.665,4.941635,10,2.522701,0.217538,10,5.016317,0.547314,10,8.381167,0.799947,10
40,200,Sweep Line,Local,10,0.349519,0.029867,10,88.665,4.941635,10,1.157741,0.066609,10,4.416879,0.331003,10,6.523844,0.604654,10
40,200,Sweep Line,Local,12,0.348528,0.030016,10,88.665,4.941635,10,1.241107,0.095086,10,4.324167,0.424905,10,6.409077,0.590952,10
40,600,Grid Scanning,Global,5,0.171652,0.00786,10,99.806,0.346385,10,22.985679,2.370463,10,7.646833,0.686528,10,32.220565,3.418254,10
40,600,Sweep Line,Local,10,0.174554,0.008358,10,99.806,0.346385,10,4.377449,0.172007,10,8.002114,0.385608,10,13.794461,0.5138,10
40,600,Sweep Line,Local,12,0.173171,0.007798,10,99.806,0.346385,10,4.696516,0.183314,10,7.636433,0.357106,10,13.781906,0.606191,10
40,1000,Grid Scanning,Global,5,0.123932,0.003989,10,100.0,0.0,10,60.780397,5.119669,10,8.204411,0.661166,10,71.501924,5.932417,10
40,1000,Sweep Line,Local,10,0.127674,0.00408,10,100.0,0.0,10,7.383341,0.800486,10,9.930829,1.180164,10,19.698273,2.259926,10
40,1000,Sweep Line,Local,12,0.125752,0.003905,10,100.0,0.0,10,7.90418,0.413153,10,9.05113,0.520785,10,19.279406,1.034679,10
