ra,k,N,dEa_pct,tot_speedup_pct
20,8,100,0.03,4.4
20,8,200,0.6,11.7
20,8,300,1.11,30.9
20,8,400,1.21,20.3
20,8,500,2.22,25.1
20,8,600,3.34,30.9
20,8,700,3.28,37.9
20,8,800,5.59,40.9
20,8,900,4.21,46.3
20,10,100,0.0,5.9
20,10,200,0.04,14.6
20,10,300,0.38,30.7
20,10,400,0.56,22.0
20,10,500,0.63,35.6
20,10,600,1.26,32.1
20,10,700,1.17,37.5
20,10,800,1.94,43.4
20,10,900,1.26,45.4
20,12,100,0.0,6.7
20,12,200,0.0,-1.4
20,12,300,0.17,18.3
20,12,400,0.28,22.8
20,12,500,0.23,40.3
20,12,600,0.42,33.2
20,12,700,0.34,38.6
20,12,800,0.65,41.6
20,12,900,0.5,48.0
20,16,100,0.0,7.2
20,16,200,0.0,-23.4
20,16,300,0.0,15.6
20,16,400,0.03,22.8
20,16,500,0.02,38.1
20,16,600,0.07,32.1
20,16,700,0.02,36.8
20,16,800,0.13,40.5
20,16,900,0.09,45.6
60,8,100,0.61,15.4
60,8,200,3.27,29.8
60,8,300,3.22,41.0
60,8,400,8.99,50.5
60,8,500,7.32,60.5
60,8,600,10.53,66.8
60,8,700,6.16,72.9
60,8,800,7.91,75.2
60,8,900,9.4,77.2
60,10,100,0.61,17.1
60,10,200,1.24,32.5
60,10,300,2.06,47.2
60,10,400,3.07,54.1
60,10,500,3.9,64.1
60,10,600,6.44,69.5
60,10,700,2.13,74.9
60,10,800,3.41,77.1
60,10,900,3.7,79.4
60,12,100,0.28,17.5
60,12,200,0.15,32.2
60,12,300,1.12,45.6
60,12,400,1.58,57.4
60,12,500,1.38,63.6
60,12,600,3.0,60.1
60,12,700,0.37,74.4
60,12,800,1.5,77.4
60,12,900,2.11,80.0
60,16,100,0.0,16.7
60,16,200,0.08,30.4
60,16,300,0.13,42.1
60,16,400,0.1,56.8
60,16,500,0.31,60.7
60,16,600,0.35,55.3
60,16,700,0.33,72.2
60,16,800,0.34,76.4
60,16,900,0.59,78.9
