Seed,SimulationSize_m,NumberOfNodes,PercentageAnchor,DetectionRadius_m,Clusters_K,GridSize_m,Algorithm,VoronoiMode,k_neighbors,AverageEstimationError,LocalizationError,Pe,MainLoop,DetectableCalc,GroupSplitting,VoronoiProc,VoronoiCalc,IntersectionCalc,ShapeCalc,DrawingOps,UIUpdates,TotalTime,UnknownNodes,LocalizedNodes,UnlocalizableNodes
4275,200,60,40,20,6,2,Sweep Line,Global,6,0.51141933,10.22838669,41.67%,2.6293276000,0.0012197000,0.0026171000,0.1955684000,0.0551021000,1.8031917000,0.5501157000,0.0000153000,0.0717369000,2.6307078000,36,15,21
4275,200,80,40,20,6,2,Sweep Line,Global,6,0.68084937,13.61698734,66.67%,4.5736622000,0.0020814000,0.0068663000,0.5095220000,0.1226656000,3.1479224000,0.8640023000,0.0000158000,0.0329154000,4.5746596000,48,32,16
4275,200,100,40,20,6,2,Sweep Line,Global,6,0.51868425,10.37368496,80.00%,8.8218623000,0.0041779000,0.0142965000,1.0810184001,0.2266299000,4.9048088000,1.3064201000,0.0000226000,1.4992297000,8.8232192000,60,48,12
4275,200,120,40,20,6,2,Sweep Line,Global,6,0.47368989,9.47379777,81.94%,7.7731406000,0.0055513000,0.0205553000,1.3705326000,0.2969786000,5.0546415000,1.2571911000,0.0000257000,0.0444575000,7.7751816000,72,59,13
4275,200,140,40,20,6,2,Sweep Line,Global,6,0.45623018,9.12460353,72.62%,7.3616179000,0.0067347000,0.0195469000,1.6032999000,0.2828076000,4.7320522000,0.9424900000,0.0000532000,0.0437125000,7.3635709000,84,61,23
4275,200,160,40,20,6,2,Sweep Line,Global,6,0.44914419,8.98288376,83.33%,10.8227431000,0.0084244000,0.0284376000,2.4135184001,0.4134515000,6.9866033000,1.3211486000,0.0000316000,0.0499343000,10.8258623000,96,80,16
4275,200,180,40,20,6,2,Sweep Line,Global,6,0.40868505,8.17370109,81.48%,9.8701855000,0.0112584000,0.0356035999,2.6993392000,0.4192716999,5.8666286000,1.1841911000,0.0000368000,0.0516615000,9.8720663000,108,88,20
4275,200,200,40,20,6,2,Sweep Line,Global,6,0.40059966,8.01199319,81.67%,11.4454342000,0.0135966000,0.0429201000,3.4010594000,0.5025297001,6.7027106000,1.2075058000,0.0000426000,0.0585129000,11.4476991000,120,98,22
4275,200,220,40,20,6,2,Sweep Line,Global,6,0.35955050,7.19101006,93.94%,14.5880086000,0.0155719001,0.0558367000,4.8167557000,0.6666277000,8.3148130000,1.3041198000,0.0000424000,0.0633358000,14.5906960000,132,124,8
4275,200,240,40,20,6,2,Sweep Line,Global,6,0.35356697,7.07133947,88.19%,15.2279123000,0.0204699000,0.0633237000,5.4024872000,0.7097183000,8.3407405000,1.3089777000,0.0000533000,0.0723225000,15.2323829000,144,127,17
4275,200,260,40,20,6,2,Sweep Line,Global,6,0.31758449,6.35168973,91.67%,18.7761830000,0.0233258000,0.0773423000,7.2736812999,0.8409678000,9.9584176000,1.3541030000,0.0000672000,0.0741743000,18.7795377000,156,143,13
4275,200,280,40,20,6,2,Sweep Line,Global,6,0.29598810,5.91976200,95.83%,22.5248241000,0.0290847000,0.1006204000,9.5363258000,1.0599543000,11.3327939000,1.4279476000,0.0000605000,0.0854178000,22.5278293000,168,161,7
4275,200,300,40,20,6,2,Sweep Line,Global,6,0.29808951,5.96179025,98.89%,23.6142279000,0.0311425000,0.1128481000,10.4803347999,1.1234315000,11.4646492000,1.4193223000,0.0000647000,0.0916942000,23.6190804000,180,178,2
4275,200,320,40,20,6,2,Sweep Line,Global,6,0.24610783,4.92215659,95.83%,23.4578437000,0.0346552000,0.1192733000,10.9233273000,1.1359140000,10.8977356000,1.3706906000,0.0000702000,0.0936468000,23.4615661000,192,184,8
4275,200,340,40,20,6,2,Sweep Line,Global,6,0.25442767,5.08855342,95.59%,25.6180380000,0.0406703000,0.1379262000,12.6731155001,1.2971100000,11.2219533000,1.4272515000,0.0000740000,0.1001482000,25.6243647000,204,195,9
4275,200,360,40,20,6,2,Sweep Line,Global,6,0.24967477,4.99349543,97.22%,28.1531896000,0.0462075000,0.1551006000,14.5005046999,1.4137025000,11.8667370001,1.4647647000,0.0000806000,0.1033464000,28.1591666000,216,210,6
4275,200,380,40,20,6,2,Sweep Line,Global,6,0.21857972,4.37159438,98.25%,30.3522360000,0.0515422000,0.1742133000,16.4363494000,1.5814190000,12.1592583000,1.4033198000,0.0000880000,0.1122715000,30.3577187000,228,224,4
4275,200,400,40,20,6,2,Sweep Line,Global,6,0.23740720,4.74814395,96.67%,31.1939307000,0.0565668000,0.1853635000,17.3500095000,1.6041122999,12.0107484000,1.4624872000,0.0000871000,0.1115622000,31.1999712000,240,232,8
4275,200,420,40,20,6,2,Sweep Line,Global,6,0.21004294,4.20085877,100.00%,33.7836539000,0.0645035000,0.2103484000,19.6382769000,1.7782860000,12.3107090000,1.4199079999,0.0000953000,0.1195219000,33.8269072000,252,252,0
4275,200,440,40,20,6,2,Sweep Line,Global,6,0.22302034,4.46040686,100.00%,36.8152907000,0.0698352000,0.2270638000,21.8188731000,1.9276063001,13.0072905000,1.5433277000,0.0001043000,0.1323312000,36.8202426000,264,264,0
4275,200,460,40,20,6,2,Sweep Line,Global,6,0.21297354,4.25947070,99.64%,39.6190163000,0.0782632000,0.2578212000,23.7995803000,2.0690539000,13.1101351000,1.5194114000,0.0001031000,0.8349994000,39.6241973000,276,275,1
4275,200,480,40,20,6,2,Sweep Line,Global,6,0.19534915,3.90698308,100.00%,52.0542920000,0.1017957000,0.3574541001,32.6311171000,2.7451645999,16.9304971000,1.8483720000,0.0001306000,0.1644607000,52.0599997000,288,288,0
4275,200,500,40,20,6,2,Sweep Line,Global,6,0.19736158,3.94723154,100.00%,50.6641750000,0.1048612000,0.3500900001,32.4145023000,2.7030047001,15.7516546000,1.8558572000,0.0001310000,0.1637351000,50.6697801000,300,300,0
4275,200,520,40,20,6,2,Sweep Line,Global,6,0.18949507,3.78990146,99.68%,48.0866100000,0.1029924000,0.3420620001,31.4160517001,2.5719536001,14.4336794000,1.6151770000,0.0001239000,0.1558166000,48.0946484000,312,311,1
4275,200,540,40,20,6,2,Sweep Line,Global,6,0.18559255,3.71185093,100.00%,48.3799093000,0.1092154000,0.3498113000,32.7926584001,2.6062805000,13.4410128000,1.5153833000,0.0001253000,0.1526087000,48.3868133000,324,324,0
4275,200,560,40,20,6,2,Sweep Line,Global,6,0.18487908,3.69758168,99.70%,51.1316732000,0.1169291999,0.3733895000,34.7432070999,2.7678013000,14.0609201000,1.6571542000,0.0001319000,0.1572313000,51.1401516000,336,335,1
4275,200,580,40,20,6,2,Sweep Line,Global,6,0.17364318,3.47286368,100.00%,53.3305536000,0.1248511000,0.3944488000,37.2304074000,2.8683874000,13.8431702000,1.5494562000,0.0001376000,0.1670984000,53.3370498000,348,348,0
4275,200,600,40,20,6,2,Sweep Line,Global,6,0.16664026,3.33280517,100.00%,55.3924894000,0.1398988000,0.4190896000,39.4148489999,3.0544316000,13.7027084000,1.5277585000,0.0001429000,0.1665944000,55.4022272000,360,360,0
4275,200,620,40,20,6,2,Sweep Line,Global,6,0.16352811,3.27056213,100.00%,58.6273054000,0.1479435000,0.4522170000,42.3156640000,3.1881625000,13.9209183000,1.5962778000,0.0001479000,0.1705123001,58.6344967000,372,372,0
4275,200,640,40,20,6,2,Sweep Line,Global,6,0.15319987,3.06399736,100.00%,61.6240930000,0.1577261000,0.4831176000,45.4436963001,3.3559095999,13.7625834000,1.5706677000,0.0001630000,0.1813035000,61.6317624000,384,384,0
4275,200,660,40,20,6,2,Sweep Line,Global,6,0.15431642,3.08632835,100.00%,68.5617958000,0.1796870000,0.5543727000,51.0368539000,3.7398585000,14.8597963000,1.7051168000,0.0002020000,0.1968583000,68.5686459000,396,396,0
4275,200,680,40,20,6,2,Sweep Line,Global,6,0.16547761,3.30955229,100.00%,68.1234715000,0.1792020000,0.5466529000,51.1003406000,3.7057114000,14.3570593000,1.7180454000,0.0001661000,0.1939013000,68.1306337000,408,408,0
4275,200,700,40,20,6,2,Sweep Line,Global,6,0.14450458,2.89009153,100.00%,71.0630054000,0.1913095000,0.5789656000,54.1820911001,3.8892011000,14.1933623000,1.6878164000,0.0001758000,0.1985046999,71.0705949000,420,420,0
4275,200,720,40,20,6,2,Sweep Line,Global,6,0.15265335,3.05306705,100.00%,74.6468582000,0.2094110001,0.6119398000,57.3094681999,4.0695972001,14.5660626000,1.7157711000,0.0001931000,0.2023157000,74.6557469000,432,432,0
4275,200,740,40,20,6,2,Sweep Line,Global,6,0.15471257,3.09425146,100.00%,77.5974058000,0.2162202000,0.6461880000,59.7007835999,4.2482468001,14.9346930000,1.8593865000,0.0002076000,0.2051725000,77.6050934000,444,444,0
4275,200,760,40,20,6,2,Sweep Line,Global,6,0.14043907,2.80878138,100.00%,81.2416978000,0.2313689000,0.6840913000,63.5295973999,4.4335778001,14.8029621000,1.8094756000,0.0001935000,0.1488538999,81.2508596000,456,456,0
4275,200,780,40,20,6,2,Sweep Line,Global,6,0.14174597,2.83491942,100.00%,85.8632139000,0.2489473000,0.7389764000,67.8729266000,4.6920557999,14.9233426000,1.8838290000,0.0002126000,0.1583440000,85.8723771000,468,468,0
4275,200,800,40,20,6,2,Sweep Line,Global,6,0.14561990,2.91239801,100.00%,89.1204982000,0.2565080000,0.7621516000,70.7053882002,4.8736680000,15.3020057000,1.8949017000,0.0002044000,0.1628675000,89.1292590000,480,480,0
4275,200,820,40,20,6,2,Sweep Line,Global,6,0.13820000,2.76400002,100.00%,91.6168824000,0.2752765999,0.7956062001,73.5198768000,5.0525259999,14.9124040000,1.9056306000,0.0002181000,0.1696225000,91.6255058000,492,492,0
4275,200,840,40,20,6,2,Sweep Line,Global,6,0.14196363,2.83927267,100.00%,95.4190228000,0.2878596000,0.8403689999,76.9472018000,5.2849055999,15.1881734000,1.9441555000,0.0002335000,0.1708323000,95.4275533000,504,504,0
4275,200,860,40,20,6,2,Sweep Line,Global,6,0.13615387,2.72307736,100.00%,99.0724309000,0.2981192000,0.8789668000,80.8793699001,5.5471687999,14.8738555000,1.9279505000,0.0002211000,0.1716772000,99.0828174000,516,516,0
4275,200,880,40,20,6,2,Sweep Line,Global,6,0.12850980,2.57019595,100.00%,106.8254513000,0.3183150000,0.9318208001,85.1416279001,5.6854990000,15.2857628999,1.9450296001,0.0002278000,3.1589753000,106.8361473000,528,528,0
4275,200,900,40,20,6,2,Sweep Line,Global,6,0.13220765,2.64415301,100.00%,109.5733201000,0.3336151000,0.9697422001,88.4071038000,5.8785726001,15.7290857000,2.0087120000,0.0002321000,2.0793103999,109.5825790000,540,540,0
4275,200,920,40,20,6,2,Sweep Line,Global,6,0.13030381,2.60607615,100.00%,119.9100812000,0.3827877000,1.0900182001,99.5968510000,6.6570842002,16.4609691000,2.1354021999,0.0002843000,0.1902072001,119.9208416000,552,552,0
4275,200,940,40,20,6,2,Sweep Line,Global,6,0.13133488,2.62669763,100.00%,126.1484392000,0.4149464000,1.1257443000,103.6618983000,6.9574086000,16.9495800000,2.2283235000,0.0002953000,1.7101252001,126.1602911000,564,564,0
4275,200,960,40,20,6,2,Sweep Line,Global,6,0.12419905,2.48398092,100.00%,123.3339972000,0.3966778000,1.1425294000,103.2139877000,6.9006919000,16.2006398000,2.1319997999,0.0002578000,0.1940705000,123.3444076000,576,576,0
4275,200,980,40,20,6,2,Sweep Line,Global,6,0.12548109,2.50962181,100.00%,130.3531556000,0.4137465000,1.2135537001,109.7009104999,8.7089046999,16.5425928999,2.2266071001,0.0002719000,0.1975648999,130.3634261000,588,588,0
4275,200,1000,40,20,6,2,Sweep Line,Global,6,0.11771449,2.35428981,100.00%,141.2607014000,0.4624214000,1.3202859000,119.5564650002,9.0563282998,17.3491550000,2.2976358000,0.0003002999,0.2092910002,141.2716860000,600,600,0
4275,200,60,40,20,6,2,Sweep Line,Global,6,0.51141933,10.22838669,41.67%,5.0621947000,0.0023143000,0.0050643000,0.3441199000,0.0839144000,3.5977723000,1.0466924000,0.0000249000,0.0576122999,5.0651738000,36,15,21
4275,200,80,40,20,6,2,Sweep Line,Global,6,0.68084937,13.61698734,66.67%,8.6333484000,0.0043170000,0.0125321000,0.8625373000,0.1688489000,6.1010009000,1.6006867000,0.0000295000,0.0423929001,8.6347937000,48,32,16
4275,200,100,40,20,6,2,Sweep Line,Global,6,0.51868425,10.37368496,80.00%,12.6984762000,0.0071104000,0.0230590000,1.7479808999,0.3053767001,8.7663359000,2.0850901000,0.0000349000,0.0503920000,12.7015565000,60,48,12
4275,200,120,40,20,6,2,Sweep Line,Global,6,0.47368989,9.47379777,81.94%,13.6256618000,0.0096753000,0.0319552000,2.1274694000,0.3306421000,9.1365231000,2.2455606000,0.0000420000,0.0545700000,13.6278144000,72,59,13
4275,200,140,40,20,6,2,Sweep Line,Global,6,0.45623018,9.12460353,72.62%,13.9763293000,0.0129707000,0.0372471000,2.7686722000,0.4107069000,9.2880113000,1.7936185000,0.0000528000,0.0615157000,13.9800292000,84,61,23
4275,200,160,40,20,6,2,Sweep Line,Global,6,0.44914419,8.98288376,83.33%,20.7019110000,0.0168583000,0.0523485000,4.2252584000,0.5509918999,13.8109170000,2.5127950000,0.0000556000,0.0687276000,20.7053955000,96,80,16
4275,200,180,40,20,6,2,Sweep Line,Global,6,0.40868505,8.17370109,81.48%,18.4858707000,0.0218052000,0.0673320000,4.8208695001,0.5890201000,11.2315829000,2.2413684000,0.0000637000,0.0808517000,18.4915868000,108,88,20
4275,200,200,40,20,6,2,Sweep Line,Global,6,0.40059966,8.01199319,81.67%,21.7290789000,0.0272890000,0.0795428001,6.0696262000,0.7098799000,13.2098519001,2.2371985000,0.0000681999,0.0848682000,21.7330881000,120,98,22
4275,200,220,40,20,6,2,Sweep Line,Global,6,0.35955050,7.19101006,93.94%,26.9727446000,0.0308949000,0.1045021001,8.4923725000,0.9654516002,15.8102018000,2.4226475000,0.0000731000,0.0901623000,26.9789515000,132,124,8
4275,200,240,40,20,6,2,Sweep Line,Global,6,0.35356697,7.07133947,88.19%,26.9705642000,0.0369604001,0.1160754000,9.0641723000,0.9906774999,15.2346277000,2.3994498000,0.0000848000,0.0984986000,26.9776145000,144,127,17
4275,200,260,40,20,6,2,Sweep Line,Global,6,0.31758449,6.35168973,91.67%,30.8091100000,0.0439010000,0.1341538000,11.4834902002,1.1741827999,16.7838670000,2.2404252000,0.0000836000,0.1038820000,30.8127379000,156,143,13
4275,200,280,40,20,6,2,Sweep Line,Global,6,0.29598810,5.91976200,95.83%,36.3579523000,0.0516586000,0.1659102000,14.7094399001,1.4379748000,18.9046900001,2.3935683999,0.0000953000,0.1165759999,36.3672992000,168,161,7
4275,200,300,40,20,6,2,Sweep Line,Global,6,0.29808951,5.96179025,98.89%,39.5793223000,0.0586750000,0.2023966001,16.8185826000,1.6078963001,19.8991515000,2.4453110000,0.0001003000,0.1268382999,39.5841042000,180,178,2
4275,200,320,40,20,6,2,Sweep Line,Global,6,0.24610783,4.92215659,95.83%,39.2797470000,0.0671078000,0.2157928001,17.8886193000,1.6694581001,18.6107905001,2.3403741000,0.0001120000,0.1314330000,39.2905674000,192,184,8
4275,200,340,40,20,6,2,Sweep Line,Global,6,0.25442767,5.08855342,95.59%,39.5588552000,0.0685543000,0.2195905000,18.9923000000,1.7390736000,17.8604134000,2.2693926000,0.0001064000,0.1286037999,39.5697124000,204,195,9
4275,200,360,40,20,6,2,Sweep Line,Global,6,0.24967477,4.99349543,97.22%,45.5814020000,0.0800345000,0.2695627000,22.9046830999,1.9892973999,19.7712650000,2.3943778999,0.0001194000,0.1396713999,45.5861627000,216,210,6
4275,200,380,40,20,6,2,Sweep Line,Global,6,0.21857972,4.37159438,98.25%,50.7865416000,0.0915347000,0.3021671000,26.6208375000,2.2362573001,21.2698632000,2.3304736000,0.0001237000,0.1501738000,50.8072415000,228,224,4
4275,200,400,40,20,6,2,Sweep Line,Global,6,0.23740720,4.74814395,96.67%,51.1990270000,0.0987234001,0.3248059001,27.7789976001,2.3241191000,20.3673273000,2.4517368000,0.0001283000,0.1546896000,51.2088080000,240,232,8
4275,200,420,40,20,6,2,Sweep Line,Global,6,0.21004294,4.20085877,100.00%,52.5313274000,0.1046669000,0.3519461999,30.0487227000,2.4528962000,19.5796522000,2.2642620000,0.0001369000,0.1558025000,52.5396722000,252,252,0
4275,200,440,40,20,6,2,Sweep Line,Global,6,0.22302034,4.46040686,100.00%,64.7775936000,0.1313089000,0.4281719000,37.4574122000,2.9383669000,23.7581721000,2.7890255000,0.0001629000,0.1865924999,64.7903065000,264,264,0
4275,200,460,40,20,6,2,Sweep Line,Global,6,0.21297354,4.25947070,99.64%,66.6151951000,0.1367856000,0.4648646000,39.6413593999,3.1017282999,23.4838388000,2.6707742000,0.0001563999,0.1891736001,66.8179546000,276,275,1
4275,200,480,40,20,6,2,Sweep Line,Global,6,0.19534915,3.90698308,100.00%,64.5922386000,0.1374688999,0.4593639002,39.5570244999,3.0504904001,21.8698281001,2.3676083001,0.0001499001,0.1772156000,64.6064492000,288,288,0
4275,200,500,40,20,6,2,Sweep Line,Global,6,0.19736158,3.94723154,100.00%,71.6133963000,0.1552487000,0.5243416999,45.0802891000,3.3698129000,22.9215269001,2.7000647000,0.0001922000,0.1980932000,71.6217895000,300,300,0
4275,200,520,40,20,6,2,Sweep Line,Global,6,0.18949507,3.78990146,99.68%,73.7847656000,0.1661188001,0.5532292001,47.4635495999,3.5334878999,22.8509610999,2.5125245000,0.0001773000,0.2103873000,73.9639021000,312,311,1
4275,200,540,40,20,6,2,Sweep Line,Global,6,0.18559255,3.71185093,100.00%,76.2004239000,0.1789492000,0.5821836999,50.5437759999,3.6593239999,22.1537963001,2.5029484999,0.0001771000,0.2104623999,76.2131636000,324,324,0
4275,200,560,40,20,6,2,Sweep Line,Global,6,0.18487908,3.69758168,99.70%,82.9915975000,0.1919471000,0.6526581000,55.2077296001,4.0049926999,23.9434934000,2.7454673999,0.0001910000,0.2180516000,83.0069404000,336,335,1
4275,200,580,40,20,6,2,Sweep Line,Global,6,0.17364318,3.47286368,100.00%,83.8193879000,0.1967739000,0.6599890000,57.6029867000,4.0416780000,22.6415291000,2.4732293999,0.0001841000,0.2130507999,83.8324878000,348,348,0
4275,200,600,40,20,6,2,Sweep Line,Global,6,0.16664026,3.33280517,100.00%,92.6440817000,0.2257028000,0.7540545000,64.8850714000,4.5101240000,23.8957211001,2.6170057000,0.0002049999,0.2337218000,92.6566540000,360,360,0
4275,200,620,40,20,6,2,Sweep Line,Global,6,0.16352811,3.27056213,100.00%,93.4924726000,0.2284892000,0.7723584000,66.6182571001,4.4630557000,23.0112781000,2.5985174999,0.0002063999,0.2283234999,93.5045496000,372,372,0
4275,200,640,40,20,6,2,Sweep Line,Global,6,0.15319987,3.06399736,100.00%,102.9308468000,0.2542222999,0.8617747000,74.8387216000,4.9545087999,23.9879311000,2.6982156999,0.0002221000,0.2516733000,102.9443248000,384,384,0
4275,200,660,40,20,6,2,Sweep Line,Global,6,0.15431642,3.08632835,100.00%,101.7339575000,0.2541574999,0.8693147001,74.6219144998,4.9201103003,23.0820592000,2.6230871999,0.0002111000,0.2448257999,101.7431812000,396,396,0
4275,200,680,40,20,6,2,Sweep Line,Global,6,0.16547761,3.30955229,100.00%,113.1593470000,0.2857857999,0.9841424000,83.9260430000,5.4491895000,24.6787110999,2.9785399000,0.0002468000,0.2640085000,113.1721069000,408,408,0
4275,200,700,40,20,6,2,Sweep Line,Global,6,0.14450458,2.89009153,100.00%,112.9546391000,0.2900497000,0.9888073999,85.0858517002,5.5196726003,23.5623109000,2.7209201000,0.0002366000,0.2607905000,112.9634421000,420,420,0
4275,200,720,40,20,6,2,Sweep Line,Global,6,0.15265335,3.05306705,100.00%,120.1593595000,0.3186972000,1.0584685001,91.3680936000,5.8270789003,24.2621524000,2.8304137999,0.0002457001,0.2750457000,120.1765234000,432,432,0
4275,200,740,40,20,6,2,Sweep Line,Global,6,0.15471257,3.09425146,100.00%,125.6620896000,0.3286515000,1.1439901000,95.5439461997,6.1395652999,25.2629120000,3.0522722000,0.0002532000,0.2794470000,125.6715393000,444,444,0
4275,200,760,40,20,6,2,Sweep Line,Global,6,0.14043907,2.80878138,100.00%,129.6118773000,0.3473905001,1.1910396999,100.4274809001,6.4123828002,24.4172307000,2.9768195000,0.0002561001,0.1998848000,129.6276493000,456,456,0
4275,200,780,40,20,6,2,Sweep Line,Global,6,0.14174597,2.83491942,100.00%,134.8159467000,0.3732813000,1.2424884000,105.6407462001,6.6278951000,24.2493085000,3.0515775000,0.0002658999,0.2056334000,134.8330886000,468,468,0
4275,200,800,40,20,6,2,Sweep Line,Global,6,0.14561990,2.91239801,100.00%,143.5294708000,0.3918583000,1.3230085000,112.7235596998,7.0344439001,25.7119124999,3.1139698000,0.0002817999,0.2110988999,143.7301942000,480,480,0
4275,200,820,40,20,6,2,Sweep Line,Global,6,0.13820000,2.76400002,100.00%,148.4499507000,0.4196319999,1.4015894999,117.9176471001,7.3087669999,25.2775655000,3.1610944002,0.0003943002,0.2154044999,148.4632376000,492,492,0
4275,200,840,40,20,6,2,Sweep Line,Global,6,0.14196363,2.83927267,100.00%,151.1000064000,0.4320025001,1.4586498999,120.6184706003,7.4686419999,25.1178883999,3.1863614000,0.0002933000,0.2265854999,151.1161917000,504,504,0
4275,200,860,40,20,6,2,Sweep Line,Global,6,0.13615387,2.72307736,100.00%,157.0082181000,0.4477665000,1.5033724002,126.8929757003,7.8251114999,24.7096897001,3.1629787001,0.0003045000,0.2294486000,157.0271684000,516,516,0
4275,200,880,40,20,6,2,Sweep Line,Global,6,0.12850980,2.57019595,100.00%,168.5123625000,0.4773131998,1.6293648000,137.2729551999,8.3066272001,25.6116994000,3.2289333001,0.0002971000,0.2259532000,168.5325982000,528,528,0
4275,200,900,40,20,6,2,Sweep Line,Global,6,0.13220765,2.64415301,100.00%,171.6218942000,0.5023274000,1.6795744000,140.3220359003,8.4927774001,25.5225989000,3.2841112999,0.0003305000,0.2409719999,171.6404426000,540,540,0
4275,200,920,40,20,6,2,Sweep Line,Global,6,0.13030381,2.60607615,100.00%,180.9412704000,0.5329074001,1.7641781999,149.1234817001,8.9587754000,25.7996912000,3.4166909000,0.0003184000,0.2321433999,180.9578501000,552,552,0
4275,200,940,40,20,6,2,Sweep Line,Global,6,0.13133488,2.62669763,100.00%,187.5361503000,0.5467053001,1.8534687999,154.9538206001,9.2197251000,26.3956031999,3.4763376999,0.0003357002,0.2355981001,187.5560858000,564,564,0
4275,200,960,40,20,6,2,Sweep Line,Global,6,0.12419905,2.48398092,100.00%,190.1466541000,0.5448953001,1.9150290999,158.2335517997,9.5764455998,25.7890417000,3.3521456000,0.0003241000,0.2348199999,190.1659415000,576,576,0
4275,200,980,40,20,6,2,Sweep Line,Global,6,0.12548109,2.50962181,100.00%,200.4537799000,0.5879474000,1.9997082000,167.7203075998,13.0031987000,26.3285357999,3.4970792999,0.0003410001,0.2394314000,200.4736404000,588,588,0
4275,200,1000,40,20,6,2,Sweep Line,Global,6,0.11771449,2.35428981,100.00%,199.9158154000,0.5912676001,2.0134993999,167.7877087003,11.3891287001,25.7610755999,3.4464266000,0.0003359999,0.2347070000,199.9381095000,600,600,0
4275,200,60,40,20,6,2,Sweep Line,Global,6,0.51141933,10.22838669,41.67%,5.2401850000,0.0025107000,0.0047689000,0.3450040000,0.0809919000,3.7377639000,1.0812409000,0.0000251000,0.0636320000,5.2427683000,36,15,21
4275,200,80,40,20,6,2,Sweep Line,Global,6,0.68084937,13.61698734,66.67%,8.5794187000,0.0044129000,0.0126014000,0.8400770000,0.1732998000,6.0505206000,1.6241344000,0.0000310000,0.0382654000,8.5812209000,48,32,16
4275,200,100,40,20,6,2,Sweep Line,Global,6,0.51868425,10.37368496,80.00%,12.2405481000,0.0068025000,0.0219179000,1.6669327000,0.2859612000,8.4890271000,1.9931236000,0.0000360000,0.0463546000,12.2436627000,60,48,12
4275,200,120,40,20,6,2,Sweep Line,Global,6,0.47368989,9.47379777,81.94%,12.9383763000,0.0094092000,0.0298496000,1.9890837000,0.3099006000,8.6389120000,2.1968748000,0.0000430000,0.0538607000,12.9405508000,72,59,13
4275,200,140,40,20,6,2,Sweep Line,Global,6,0.45623018,9.12460353,72.62%,12.8261504000,0.0129615000,0.0353857000,2.5664864000,0.3720633000,8.4361376000,1.6960921000,0.0000515000,0.0628935000,12.8300455000,84,61,23
4275,200,160,40,20,6,2,Sweep Line,Global,6,0.44914419,8.98288376,83.33%,18.7695283000,0.0158788000,0.0476874000,3.8484257001,0.5129304000,12.4676125000,2.3107226000,0.0000517000,0.0633341000,18.7722760000,96,80,16
4275,200,180,40,20,6,2,Sweep Line,Global,6,0.40868505,8.17370109,81.48%,16.4222636000,0.0208593000,0.0584333000,4.2297753001,0.5280512999,10.0312185000,1.9887278000,0.0000592000,0.0728873999,16.4274739000,108,88,20
4275,200,200,40,20,6,2,Sweep Line,Global,6,0.40059966,8.01199319,81.67%,20.1029550000,0.0264614000,0.0745633001,5.6033451999,0.6808785001,12.1395809999,2.1595282000,0.0000691000,0.0776411000,20.1069337000,120,98,22
4275,200,220,40,20,6,2,Sweep Line,Global,6,0.35955050,7.19101006,93.94%,26.7187584000,0.0325937000,0.1102615000,8.4371512999,0.9448060999,15.5912547000,2.4261516000,0.0000733000,0.0970088000,26.7245136000,132,124,8
4275,200,240,40,20,6,2,Sweep Line,Global,6,0.35356697,7.07133947,88.19%,27.6031234000,0.0389769999,0.1153508000,9.3904406001,1.0058400001,15.5313032000,2.4058758000,0.0000875000,0.0992861999,27.6106423000,144,127,17
4275,200,260,40,20,6,2,Sweep Line,Global,6,0.31758449,6.35168973,91.67%,31.8349512000,0.0445164000,0.1563505001,11.8071271001,1.2230409999,17.3730575001,2.3253250000,0.0000896000,0.1048200000,31.8393732000,156,143,13
4275,200,280,40,20,6,2,Sweep Line,Global,6,0.29598810,5.91976200,95.83%,35.9098452000,0.0502552000,0.1660858999,14.5140823000,1.4255599001,18.6432519000,2.3981440000,0.0000980000,0.1198741999,35.9147345000,168,161,7
4275,200,300,40,20,6,2,Sweep Line,Global,6,0.29808951,5.96179025,98.89%,37.5106762000,0.0550814000,0.1881241000,16.0993482000,1.5437865999,18.7618545000,2.2634513000,0.0000971000,0.1240814000,37.5194749000,180,178,2
4275,200,320,40,20,6,2,Sweep Line,Global,6,0.24610783,4.92215659,95.83%,38.4798801000,0.0610162000,0.2043846000,17.4560328001,1.6182283000,18.3810495000,2.2268933000,0.0001045000,0.1244257001,38.4872737000,192,184,8
4275,200,340,40,20,6,2,Sweep Line,Global,6,0.25442767,5.08855342,95.59%,41.7589354000,0.0751909000,0.2317997999,19.9458617999,1.8142559002,18.9451061001,2.3993484000,0.0001124000,0.1395355000,41.7638469000,204,195,9
4275,200,360,40,20,6,2,Sweep Line,Global,6,0.24967477,4.99349543,97.22%,44.2363985000,0.0774321000,0.2582743000,22.2156083001,1.9369875000,19.2296542000,2.2893398000,0.0001160000,0.1444390000,44.2433023000,216,210,6
4275,200,380,40,20,6,2,Sweep Line,Global,6,0.21857972,4.37159438,98.25%,48.2849259000,0.0905059999,0.2945568999,25.5323081001,2.1699599998,19.9269983000,2.2690907000,0.0001265000,0.1504971000,48.3023043000,228,224,4
4275,200,400,40,20,6,2,Sweep Line,Global,6,0.23740720,4.74814395,96.67%,53.9868276000,0.1025593000,0.3368265000,29.1967325000,2.3902862000,21.6510158000,2.5144186999,0.0001337999,0.1612209999,53.9984318000,240,232,8
4275,200,420,40,20,6,2,Sweep Line,Global,6,0.21004294,4.20085877,100.00%,59.1891096000,0.1192285000,0.4024399000,33.8304888000,2.7236443000,22.0919458001,2.5001549000,0.0001467000,0.1859045000,59.2006829000,252,252,0
4275,200,440,40,20,6,2,Sweep Line,Global,6,0.22302034,4.46040686,100.00%,57.5071873000,0.1167702001,0.3805910001,33.2591380999,2.6357786000,21.1066204999,2.4471694000,0.0001408999,0.1674741000,57.5163306000,264,264,0
4275,200,460,40,20,6,2,Sweep Line,Global,6,0.21297354,4.25947070,99.64%,64.1366896000,0.1317969000,0.4473265000,38.3950059999,2.9844665001,22.4102085001,2.5409106000,0.0001490999,0.1838755999,64.1470312000,276,275,1
4275,200,480,40,20,6,2,Sweep Line,Global,6,0.19534915,3.90698308,100.00%,69.0983525000,0.1419549999,0.4801056000,42.7093964000,3.2038180000,23.0495065001,2.5027464000,0.0001814000,0.1903184000,69.1104407000,288,288,0
4275,200,500,40,20,6,2,Sweep Line,Global,6,0.19736158,3.94723154,100.00%,67.1147624000,0.1488838999,0.4940357000,42.4428448999,3.1711800000,21.2761393000,2.5322073001,0.0001611000,0.1909944001,67.1225225000,300,300,0
4275,200,520,40,20,6,2,Sweep Line,Global,6,0.18949507,3.78990146,99.68%,75.4888257000,0.1693901000,0.5589258001,48.8207740999,3.5819053002,23.0891259000,2.6156276000,0.0001739000,0.2053907999,75.5070382000,312,311,1
4275,200,540,40,20,6,2,Sweep Line,Global,6,0.18559255,3.71185093,100.00%,78.3533623000,0.1853843000,0.6080297000,52.1352825002,3.7635814000,22.6320061000,2.5468417000,0.0001844000,0.2164221000,78.3740171000,324,324,0
4275,200,560,40,20,6,2,Sweep Line,Global,6,0.18487908,3.69758168,99.70%,79.0163879000,0.1881665000,0.6185546001,52.7724608999,3.8140809999,22.5707456001,2.6189164000,0.0001852001,0.2152822001,79.0291754000,336,335,1
4275,200,580,40,20,6,2,Sweep Line,Global,6,0.17364318,3.47286368,100.00%,89.0082137000,0.2071100000,0.6997849000,61.3526223999,4.2820141001,23.8904367000,2.6052957000,0.0001964000,0.2199971999,89.1989161000,348,348,0
4275,200,600,40,20,6,2,Sweep Line,Global,6,0.16664026,3.33280517,100.00%,90.5269427000,0.2233334999,0.7354640000,63.2381765998,4.3840956004,23.5365111000,2.5266182000,0.0002030999,0.2337910001,90.5410703000,360,360,0
4275,200,620,40,20,6,2,Sweep Line,Global,6,0.16352811,3.27056213,100.00%,93.8993520000,0.2300244001,0.7675985999,66.9470248001,4.5373422000,23.0702762999,2.6052210001,0.0002033001,0.2429521000,93.9131570000,372,372,0
4275,200,640,40,20,6,2,Sweep Line,Global,6,0.15319987,3.06399736,100.00%,102.3659334000,0.2535926001,0.8544093001,74.8476498000,4.9296687002,23.4420724000,2.6744080000,0.0002227000,0.2549193000,102.3774777000,384,384,0
4275,200,660,40,20,6,2,Sweep Line,Global,6,0.15431642,3.08632835,100.00%,102.7866322000,0.2581482999,0.8696012001,75.5371401000,4.9918871997,23.1952432000,2.6384418000,0.0002149999,0.2490868000,102.7978748000,396,396,0
4275,200,680,40,20,6,2,Sweep Line,Global,6,0.16547761,3.30955229,100.00%,112.1713610000,0.2896803999,0.9629562000,83.2305547001,5.3882888997,24.4973916999,2.8812660000,0.0002419000,0.2661131001,112.1806399000,408,408,0
4275,200,700,40,20,6,2,Sweep Line,Global,6,0.14450458,2.89009153,100.00%,112.6651999000,0.2954063001,0.9940021999,84.9283158000,5.5090484001,23.4215841000,2.7127874001,0.0002375000,0.2668277000,112.6741113000,420,420,0
4275,200,720,40,20,6,2,Sweep Line,Global,6,0.15265335,3.05306705,100.00%,123.9825559000,0.3257849999,1.0830645000,94.1140120002,6.0099373998,25.1698098999,2.9590455000,0.0002446000,0.2828682001,123.9975725000,432,432,0
4275,200,740,40,20,6,2,Sweep Line,Global,6,0.15471257,3.09425146,100.00%,124.4437130000,0.3243241001,1.1115462001,94.9625350001,6.1449320001,24.7027322999,3.0151587999,0.0002472001,0.2760200000,124.4532294000,444,444,0
4275,200,760,40,20,6,2,Sweep Line,Global,6,0.14043907,2.80878138,100.00%,137.2189393000,0.3698215001,1.2443445002,106.4226305999,6.8232020999,25.8261849000,3.0755918999,0.0002631000,0.2252151999,137.2355000000,456,456,0
4275,200,780,40,20,6,2,Sweep Line,Global,6,0.14174597,2.83491942,100.00%,142.3484645000,0.3959485000,1.3239812001,111.4170142002,7.0278383001,25.7185366001,3.2015205000,0.0002863000,0.2350356000,142.3632185000,468,468,0
4275,200,800,40,20,6,2,Sweep Line,Global,6,0.14561990,2.91239801,100.00%,149.3664442000,0.4105101000,1.3567989002,117.3710416998,7.3906998999,26.6994188000,3.2417058000,0.0002845001,0.2300067999,149.3823692000,480,480,0
4275,200,820,40,20,6,2,Sweep Line,Global,6,0.13820000,2.76400002,100.00%,153.2994532000,0.4236217000,1.4298553000,122.3232673001,7.6133862999,25.6988660999,3.1328604000,0.0002783000,0.2327077999,153.3099088000,492,492,0
4275,200,840,40,20,6,2,Sweep Line,Global,6,0.14196363,2.83927267,100.00%,163.3003159000,0.4510293999,1.5567210998,130.5223775001,8.0952783004,27.0401632000,3.4200473001,0.0003049999,0.2462279999,163.3148467000,504,504,0
4275,200,860,40,20,6,2,Sweep Line,Global,6,0.13615387,2.72307736,100.00%,164.1123178000,0.4760413000,1.5567559000,132.7764348000,8.1832054002,25.6977212000,3.2975211000,0.0002967999,0.2429077001,164.1248307000,516,516,0
4275,200,880,40,20,6,2,Sweep Line,Global,6,0.12850980,2.57019595,100.00%,172.3925862000,0.4920412001,1.6501230000,139.7896693999,8.4797539001,26.7885135999,3.3626276000,0.0003026000,0.2416145001,172.4052571000,528,528,0
4275,200,900,40,20,6,2,Sweep Line,Global,6,0.13220765,2.64415301,100.00%,180.1816595000,0.5140740000,1.7559812001,147.1176387998,8.9691171001,27.0336371000,3.4357126000,0.0003251999,0.2521292000,180.1955061000,540,540,0
4275,200,920,40,20,6,2,Sweep Line,Global,6,0.13030381,2.60607615,100.00%,186.1923168000,0.5355333000,1.8141984000,153.1523973997,9.2504387000,26.8888533000,3.4764039000,0.0003161998,0.2522365998,186.2125637000,552,552,0
4275,200,940,40,20,6,2,Sweep Line,Global,6,0.13133488,2.62669763,100.00%,192.7449249000,0.5614036001,1.8961719997,159.3529421003,9.5563636002,27.0863626000,3.5159747000,0.0003284000,0.2539417999,192.7621501000,564,564,0
4275,200,960,40,20,6,2,Sweep Line,Global,6,0.12419905,2.48398092,100.00%,196.8875165000,0.5641232000,1.9299669001,163.4682539997,9.7452446000,27.1408501001,3.4545452000,0.0003321999,0.2506995001,196.9036332000,576,576,0
4275,200,980,40,20,6,2,Sweep Line,Global,6,0.12548109,2.50962181,100.00%,205.0273816000,0.6156803000,2.0447629001,171.2037075001,13.3170805002,27.1920881000,3.6400182001,0.0003384000,0.2476623000,205.0470556000,588,588,0
4275,200,1000,40,20,6,2,Sweep Line,Global,6,0.11771449,2.35428981,100.00%,223.2006290000,0.6600691002,2.2528458001,187.7768503001,12.9368460001,28.3574334001,3.7922126000,0.0003706000,0.2703118998,223.2168666000,600,600,0
