Space,k,VoronoiSpeedup_pct,dEa_pct,Vor_test,Vor_p,Vor_dz,Vor_shapiro,Ea_test,Ea_p,Ea_dz,Ea_shapiro,Vor_p_holm,Ea_p_holm
200,6,81.48945008773012,12.299977591296685,Wilcoxon,2.2259158724964484e-25,-1.0714184168644343,5.463306076042991e-09,Wilcoxon,7.834028809909262e-25,2.5130634806283942,6.369651979145263e-05,1.7807326979971587e-24,6.267223047927409e-24
200,8,82.6628088341718,4.0131235263328495,Wilcoxon,2.2259158724964484e-25,-1.0802602580197231,7.326583358815749e-09,Wilcoxon,9.4941663122733e-25,2.145993672040401,5.992687302744826e-07,1.7807326979971587e-24,6.64591641859131e-24
200,10,74.33934938398559,1.6140239087195374,Wilcoxon,2.2259158724964484e-25,-1.0670863579823517,5.9100154251734805e-09,Wilcoxon,2.3692975817410436e-23,1.492926061011204,0.0005665531530716988,1.7807326979971587e-24,1.4215785490446262e-22
200,12,73.37274852098382,0.7119122752277935,Wilcoxon,3.525780957733787e-25,-1.0512907913384895,3.7242018577008073e-09,Wilcoxon,1.4161638104899244e-20,1.2120396327212506,7.759924202193075e-05,1.7807326979971587e-24,7.080819052449622e-20
200,14,72.61021998822429,0.3042022764048523,Wilcoxon,2.8613050029143626e-25,-1.0472778815077484,3.052608831539954e-09,Wilcoxon,6.2898366879332e-17,0.8990169484061894,7.717347004659848e-06,1.7807326979971587e-24,2.51593467517328e-16
200,16,71.07328234164405,0.12671761782277058,Wilcoxon,2.8613050029143626e-25,-1.0449468717370782,2.9236651693185888e-09,Wilcoxon,5.405704750792244e-15,0.794140272451736,7.72143863829606e-08,1.7807326979971587e-24,1.621711425237673e-14
200,18,69.06180633221305,0.04219446099150592,Wilcoxon,3.3816666131975416e-25,-1.0388549434507608,2.5163436120664007e-09,Wilcoxon,1.6880125361727573e-11,0.5493889692847648,1.43328074220372e-14,1.7807326979971587e-24,3.3760250723455147e-11
200,20,68.86477447767257,0.01347635860544228,Wilcoxon,4.0797850448501775e-25,-1.0335299559033955,2.1714335156254307e-09,Wilcoxon,0.0002913291832513799,0.3292099500986997,1.8134510817936538e-14,1.7807326979971587e-24,0.0002913291832513799
400,6,81.40975494408704,4.214396758585536,Wilcoxon,2.2259158724964484e-25,-0.9880777669389126,2.847764652866024e-10,Wilcoxon,2.384588472435125e-23,1.516826932413887,8.882958696760913e-05,1.7807326979971587e-24,1.9076707779481e-22
400,8,79.02682826154427,1.2066390437716366,Wilcoxon,2.2259158724964484e-25,-1.0003731346471136,4.801241917848059e-10,Wilcoxon,3.579544665103016e-22,1.2698706752923032,5.771083666296573e-06,1.7807326979971587e-24,2.5056812655721113e-21
400,10,76.58599773599774,0.39799698485402685,Wilcoxon,2.3702584982959425e-25,-0.9886315872661678,3.3670553575424017e-10,Wilcoxon,1.1330576550809307e-20,1.149555413085691,3.7434103820322034e-08,1.7807326979971587e-24,6.798345930485584e-20
400,12,74.01288732426625,0.13476300809232886,Wilcoxon,3.046417933195628e-25,-0.9823483340690535,2.6788623362027724e-10,Wilcoxon,8.07020341872221e-18,0.9374832707805414,7.874153978805138e-10,1.7807326979971587e-24,4.035101709361105e-17
400,14,73.54659339572946,0.044843150252799106,Wilcoxon,2.8021128409097046e-25,-0.9742195590497115,2.132243082101465e-10,Wilcoxon,6.090277708085038e-16,0.6517316620276501,9.753857870179711e-16,1.7807326979971587e-24,2.4361110832340152e-15
400,16,75.79420681467438,0.013712843987153715,Wilcoxon,2.4716015689109286e-25,-0.9849997608558038,2.880893642308787e-10,Wilcoxon,5.076174274142291e-11,0.4766747661549684,2.9191841003787436e-19,1.7807326979971587e-24,1.5228522822426873e-10
400,18,74.18503564980753,0.0035991585579593756,Wilcoxon,2.6873449482226775e-25,-0.9805376641654501,2.5471261065928563e-10,Wilcoxon,3.1062847643396967e-06,0.3155192819965815,3.5113256824852363e-22,1.7807326979971587e-24,6.212569528679393e-06
400,20,74.28770984706829,0.0021017857926356695,Wilcoxon,2.7441343760835326e-25,-0.9811072378503909,2.582902129331236e-10,Wilcoxon,0.0020739283941541117,0.22476137438177662,6.298057248567406e-24,1.7807326979971587e-24,0.0020739283941541117
