Space,k,TotalTimeSpeedup_pct,dEa_pct,TT_test,TT_p,TT_dz,Ea_test,Ea_p,Ea_dz,TT_p_holm,Ea_p_holm
200,6,37.94961917853928,12.299977591296685,Wilcoxon,3.558778879764752e-24,-0.9010716603460679,Wilcoxon,7.834028809909262e-25,2.5130634806283942,7.117557759529504e-24,6.267223047927409e-24
200,8,60.834640265590856,4.0131235263328495,Wilcoxon,2.4716015689109286e-25,-1.1541473968183595,Wilcoxon,9.4941663122733e-25,2.145993672040401,1.977281255128743e-24,6.64591641859131e-24
200,10,55.812976783424126,1.6140239087195374,Wilcoxon,2.4716015689109286e-25,-1.1298277172626119,Wilcoxon,2.3692975817410436e-23,1.492926061011204,1.977281255128743e-24,1.4215785490446262e-22
200,12,47.00683334607068,0.7119122752277935,Wilcoxon,4.993864736179206e-23,-0.9847802686019994,Wilcoxon,1.4161638104899244e-20,1.2120396327212506,4.993864736179206e-23,7.080819052449622e-20
200,14,55.507026881247256,0.3042022764048523,Wilcoxon,3.046417933195628e-25,-1.110904358481633,Wilcoxon,6.2898366879332e-17,0.8990169484061894,1.977281255128743e-24,2.51593467517328e-16
200,16,56.85325322488678,0.12671761782277058,Wilcoxon,4.253348840387627e-25,-1.1202286083586241,Wilcoxon,5.405704750792244e-15,0.794140272451736,2.1266744201938133e-24,1.621711425237673e-14
200,18,56.221731578322654,0.04219446099150592,Wilcoxon,4.342854664177451e-25,-1.1151945765084028,Wilcoxon,1.6880125361727573e-11,0.5493889692847648,2.1266744201938133e-24,3.3760250723455147e-11
200,20,55.44048376583509,0.01347635860544228,Wilcoxon,4.434226533924861e-25,-1.112025613608795,Wilcoxon,0.0002913291832513799,0.3292099500986997,2.1266744201938133e-24,0.0002913291832513799
400,6,37.054210513335676,4.214396758585536,Wilcoxon,1.3644816409617132e-21,-0.8486925635148929,Wilcoxon,2.384588472435125e-23,1.516826932413887,2.7289632819234265e-21,1.9076707779481e-22
400,8,48.48870425477823,1.2066390437716366,Wilcoxon,3.046417933195628e-25,-1.1730359063136537,Wilcoxon,3.579544665103016e-22,1.2698706752923032,2.0190973366180514e-24,2.5056812655721113e-21
400,10,36.62015097920302,0.39799698485402685,Wilcoxon,1.0965847227091181e-18,-0.8924085968450169,Wilcoxon,1.1330576550809307e-20,1.149555413085691,1.0965847227091181e-18,6.798345930485584e-20
400,12,44.944915284484345,0.13476300809232886,Wilcoxon,3.861559061302902e-24,-1.0599790310063038,Wilcoxon,8.07020341872221e-18,0.9374832707805414,1.1584677183908705e-23,4.035101709361105e-17
400,14,45.16683472877021,0.044843150252799106,Wilcoxon,1.3569850590992627e-24,-1.061224644595752,Wilcoxon,6.090277708085038e-16,0.6517316620276501,6.646529387790815e-24,2.4361110832340152e-15
400,16,51.175445110656206,0.013712843987153715,Wilcoxon,1.3293058775581629e-24,-1.0746221421506197,Wilcoxon,5.076174274142291e-11,0.4766747661549684,6.646529387790815e-24,1.5228522822426873e-10
400,18,55.051626481442106,0.0035991585579593756,Wilcoxon,2.5238716707725643e-25,-1.1400447165120022,Wilcoxon,3.1062847643396967e-06,0.3155192819965815,2.0190973366180514e-24,6.212569528679393e-06
400,20,54.7022094725579,0.0021017857926356695,Wilcoxon,2.5772370345319086e-25,-1.1306084931563227,Wilcoxon,0.0020739283941541117,0.22476137438177662,2.0190973366180514e-24,0.0020739283941541117
